"source_business_id","legal_name","trading_names","registration_number","registration_country","incorporation_date","industry_code","declared_turnover_band","address_line","city","province","postcode","country","contact_phone","contact_email","status"
"BUS-00001","Koperasi Maju Niaga","Maju Niaga","9944815159366","ID","2025-07-01","46330","GT_50B","Jl. Kenanga No. 111","Semarang","Jawa Tengah","50111","ID","+628997904798","bus-00001@mailuji.example","ACTIVE"
"BUS-00002","Koperasi Maju Nusantara","Maju Nusantara","9976850631743","ID","2023-11-23","42040","300M_2_5B","Jl. Teratai No. 74","Semarang","Jawa Tengah","50111","ID","+628997247496","bus-00002@demo.example","CLOSED"
"BUS-00003","PT Abadi Niaga","Abadi Niaga","9960732664069","ID","2022-09-03","14339","300M_2_5B","Jl. Bougenville No. 151","Bandung","Jawa Barat","40111","ID","+628995272371","bus-00003@mailuji.example","ACTIVE"
"BUS-00004","Koperasi Lestari Logistik","Lestari Logistik","9978532138421","ID","2023-01-16","96347","2_5B_50B","Jl. Flamboyan No. 57","Semarang","Jawa Tengah","50111","ID","+628997435811","bus-00004@demo.example","ACTIVE"
"BUS-00005","UD Sinar Utama","Sinar Utama","9934127304981","ID","2019-08-01","17980","LT_300M","Jl. Mawar No. 109","Surabaya","Jawa Timur","60111","ID","+628998176165","bus-00005@demo.example","ACTIVE"
"BUS-00006","PT Makmur Nusantara","Makmur Nusantara","9926787804481","ID","2024-10-30","53467","300M_2_5B","Jl. Teratai No. 92","Surabaya","Jawa Timur","60111","ID","+628995958240","bus-00006@surelsintetis.id","SUSPENDED"
"BUS-00007","CV Harapan Nusantara","Harapan Nusantara","9917078562443","ID","2012-12-20","43727","300M_2_5B","Jl. Melati No. 207","Semarang","Jawa Tengah","50111","ID","+628992921962","bus-00007@contoh.id","SUSPENDED"
"BUS-00008","UD Mandiri Niaga","Mandiri Niaga","9918664640210","ID","2018-03-07","14095","GT_50B","Jl. Cempaka No. 99","Palembang","Sumatera Selatan","30111","ID","+628997253579","bus-00008@demo.example","ACTIVE"
"BUS-00009","Koperasi Sentosa Perkasa","Sentosa Perkasa","9929953831915","ID","2014-04-05","60942","GT_50B","Jl. Mawar No. 112","Semarang","Jawa Tengah","50111","ID","+628992373608","bus-00009@mailuji.example","CLOSED"
"BUS-00010","Koperasi Cemerlang Nusantara","Cemerlang Nusantara","9915792901271","ID","2022-04-09","83082","GT_50B","Jl. Kenanga No. 187","Jakarta Pusat","DKI Jakarta","10110","ID","+628995991319","bus-00010@contoh.id","ACTIVE"
"BUS-00011","Koperasi Sinar Digital","Sinar Digital","9926723235258","ID","2016-08-08","94165","2_5B_50B","Jl. Dahlia No. 239","Denpasar","Bali","80111","ID","+628997612121","bus-00011@surelsintetis.id","ACTIVE"
"BUS-00012","CV Lestari Nusantara","Lestari Nusantara","9916175437596","ID","2012-09-26","76730","LT_300M","Jl. Melati No. 185","Bandung","Jawa Barat","40111","ID","+628999851251","bus-00012@contoh.id","ACTIVE"
