"source_customer_id","full_name","aliases","date_of_birth","place_of_birth","gender","nationality","national_id_reference","occupation","income_band","address_line","city","province","postcode","country","phone","email","onboarding_date","kyc_status","customer_status"
"CUST-000001","Mega Lubis","","1960-08-28","Palembang","F","ID","9913906808606864","PNS","GT_200M","Jl. Cempaka No. 232","Semarang","Jawa Tengah","50111","ID","+628998608370","cust-000001@contoh.id","2023-03-11","COMPLETE","ACTIVE"
"CUST-000002","Joko Ramadhan","","1968-09-18","Palembang","M","ID","9983781809681490","Karyawan Swasta","LT_5M","Jl. Kenanga No. 105","Palembang","Sumatera Selatan","30111","ID","+628994423936","cust-000002@surelsintetis.id","2025-12-26","COMPLETE","ACTIVE"
"CUST-000003","Umi Suryadi","","1960-06-07","Jakarta Pusat","F","ID","9901514706605190","Buruh Harian","50M_200M","Jl. Teratai No. 169","Medan","Sumatera Utara","20111","ID","+628998355552","cust-000003@surelsintetis.id","2025-02-05","PARTIAL","ACTIVE"
"CUST-000004","H. Adi Anggraini","","1991-10-04","Jakarta Pusat","M","ID","9940150410911699","Petani","5M_15M","Jl. Cempaka No. 160","Jakarta Pusat","DKI Jakarta","10110","ID","+628996502136","cust-000004@demo.example","2022-06-17","COMPLETE","ACTIVE"
"CUST-000005","Wahyu Iwan Nugroho","","1974-08-24","Bandung","M","ID","9997582408740297","Pelajar/Mahasiswa","15M_50M","Jl. Bougenville No. 181","Medan","Sumatera Utara","20111","ID","+628992838650","cust-000005@contoh.id","2023-07-30","COMPLETE","ACTIVE"
"CUST-000006","Ir. Tono Permana","","1996-08-22","Bandung","M","ID","9971212208963784","Pengemudi Daring","LT_5M","Jl. Melati No. 92","Medan","Sumatera Utara","20111","ID","+628994938725","cust-000006@surelsintetis.id","2025-08-24","COMPLETE","ACTIVE"
"CUST-000007","Lestari Saputra","","1984-06-17","Semarang","F","ID","9989125706847572","Buruh Harian","GT_200M","Jl. Bougenville No. 49","Semarang","Jawa Tengah","50111","ID","+628992733805","cust-000007@surelsintetis.id","2023-03-07","COMPLETE","ACTIVE"
"CUST-000008","Wahyu Hartono","","1972-11-22","Denpasar","M","ID","9956832211723697","Ibu Rumah Tangga","GT_200M","Jl. Teratai No. 23","Semarang","Jawa Tengah","50111","ID","+628991373207","cust-000008@demo.example","2024-07-26","COMPLETE","SUSPENDED"
"CUST-000009","Zahra Lubis","","1987-06-12","Balikpapan","F","ID","9978595206873714","Karyawan Swasta","GT_200M","Jl. Teratai No. 115","Denpasar","Bali","80111","ID","+628996410130","cust-000009@demo.example","2024-08-20","COMPLETE","ACTIVE"
"CUST-000010","Mega Gunawan","","1978-08-17","Palembang","F","ID","9925525708781251","Petani","GT_200M","Jl. Teratai No. 141","Jakarta Pusat","DKI Jakarta","10110","ID","+628991299085","cust-000010@demo.example","2022-05-09","COMPLETE","ACTIVE"
"CUST-000011","Anggun Kusuma","","1967-08-09","Yogyakarta","F","ID","9995454908671874","Wiraswasta","15M_50M","Jl. Mawar No. 160","Surabaya","Jawa Timur","60111","ID","+628999642958","cust-000011@surelsintetis.id","2023-10-02","COMPLETE","ACTIVE"
"CUST-000012","Dra. Vina Lubis","","1964-02-19","Bandung","F","ID","9931595902648189","Guru","50M_200M","Jl. Teratai No. 105","Bandung","Jawa Barat","40111","ID","+628994483802","cust-000012@surelsintetis.id","2025-12-02","COMPLETE","ACTIVE"
"CUST-000013","H. Bagus Permana","","1990-12-04","Semarang","M","ID","9987590412905830","Petani","15M_50M","Jl. Flamboyan No. 194","Semarang","Jawa Tengah","50111","ID","+628991792683","cust-000013@surelsintetis.id","2024-02-28","PARTIAL","ACTIVE"
"CUST-000014","Gita Sari Hidayat","","1971-07-04","Medan","F","ID","9928044407710700","Pengemudi Daring","50M_200M","Jl. Teratai No. 74","Medan","Sumatera Utara","20111","ID","+628997910504","cust-000014@contoh.id","2023-07-02","COMPLETE","ACTIVE"
"CUST-000015","H. Bayu Simatupang","","1965-03-21","Palembang","M","ID","9929402103659896","Buruh Harian","5M_15M","Jl. Cempaka No. 18","Palembang","Sumatera Selatan","30111","ID","+628997124248","cust-000015@surelsintetis.id","2023-06-15","COMPLETE","ACTIVE"
"CUST-000016","Ir. Rahmat Wijaya","","1981-06-16","Medan","M","ID","9996401606811824","Pengemudi Daring","LT_5M","Jl. Teratai No. 51","Jakarta Pusat","DKI Jakarta","10110","ID","+628999340396","cust-000016@contoh.id","2022-12-05","PENDING","ACTIVE"
"CUST-000017","Yuda Adi Situmorang","","1979-04-03","Makassar","M","ID","9930710304794487","Ibu Rumah Tangga","50M_200M","Jl. Melati No. 152","Medan","Sumatera Utara","20111","ID","+628992655519","cust-000017@contoh.id","2023-01-03","PARTIAL","ACTIVE"
"CUST-000018","Dian Iwan Nugroho","","1973-03-27","Medan","M","ID","9991402703735144","Buruh Harian","GT_200M","Jl. Kenanga No. 50","Denpasar","Bali","80111","ID","+628992624762","cust-000018@mailuji.example","2024-08-06","COMPLETE","ACTIVE"
"CUST-000019","Ir. Dian Santoso","","2002-03-28","Medan","M","ID","9947352803027386","Pelajar/Mahasiswa","5M_15M","Jl. Dahlia No. 179","Denpasar","Bali","80111","ID","+628997584645","cust-000019@contoh.id","2025-07-09","COMPLETE","ACTIVE"
"CUST-000020","Eka Kusuma","","1999-06-17","Bandung","M","ID","9919021706997729","Pelajar/Mahasiswa","15M_50M","Jl. Melati No. 69","Bandung","Jawa Barat","40111","ID","+628997935740","cust-000020@contoh.id","2025-11-06","COMPLETE","ACTIVE"
"CUST-000021","Wulan S","","1964-12-26","Makassar","F","ID","9924446612643404","PNS","50M_200M","Jl. Cempaka No. 109","Bandung","Jawa Barat","40111","ID","+628998379700","cust-000021@demo.example","2024-10-10","COMPLETE","ACTIVE"
"CUST-000022","Wulan Wijaya","","1962-08-14","Medan","F","ID","9904795408625220","Petani","50M_200M","Jl. Dahlia No. 202","Palembang","Sumatera Selatan","30111","ID","+628992631185","cust-000022@surelsintetis.id","2025-08-21","PARTIAL","ACTIVE"
"CUST-000023","Drs. Bayu Lubys","","1974-04-19","Medan","F","ID","9903555904747302","Guru","50M_200M","Jl. Flamboyan No. 189","Jakarta Pusat","DKI Jakarta","10110","ID","+628995955296","cust-000023@surelsintetis.id","2022-11-13","COMPLETE","ACTIVE"
"CUST-000024","H. Gilang Suryadi","","1988-08-25","Yogyakarta","M","ID","9931382508884952","Pedagang","5M_15M","Jl. Kenanga No. 113","Denpasar","Bali","80111","ID","+628991989062","cust-000024@demo.example","2024-07-02","COMPLETE","ACTIVE"
"CUST-000025","Fajar Hidayat","","1995-07-23","Surabaya","M","ID","9953522307958790","Guru","GT_200M","Jl. Dahlia No. 136","Surabaya","Jawa Timur","60111","ID","+628996760775","cust-000025@surelsintetis.id","2024-08-24","COMPLETE","ACTIVE"
"CUST-000026","H. Gilang Tono Nugroho","","2005-02-01","Denpasar","M","ID","9947130102057392","Pengemudi Daring","5M_15M","Jl. Mawar No. 205","Palembang","Sumatera Selatan","30111","ID","+628994290767","cust-000026@demo.example","2024-01-07","COMPLETE","ACTIVE"
"CUST-000027","Tono Nugroho","","1989-01-18","Makassar","M","ID","9988291801892077","Wiraswasta","GT_200M","Jl. Mawar No. 47","Surabaya","Jawa Timur","60111","ID","+628991624424","cust-000027@contoh.id","2024-10-29","COMPLETE","ACTIVE"
"CUST-000028","Bagus Gilang Wijaya","","1980-05-20","Bandung","M","ID","9928322005801852","Guru","50M_200M","Jl. Dahlia No. 25","Bandung","Jawa Barat","40111","ID","+628997442452","cust-000028@contoh.id","2023-11-20","PARTIAL","ACTIVE"
"CUST-000029","Mega Situmorang","","2002-12-09","Bandung","F","ID","9961694912025759","Petani","LT_5M","Jl. Mawar No. 85","Bandung","Jawa Barat","40111","ID","+628999930082","cust-000029@contoh.id","2023-07-04","COMPLETE","ACTIVE"
"CUST-000030","Hj. Indah Kusuma","","1988-01-18","Makassar","F","ID","9944665801885892","Ibu Rumah Tangga","GT_200M","Jl. Mawar No. 57","Makassar","Sulawesi Selatan","90111","ID","+628993993483","cust-000030@mailuji.example","2022-05-17","COMPLETE","ACTIVE"
"CUST-000031","Ayu Kusuma","","1968-09-03","Medan","F","ID","9993884309684322","Buruh Harian","50M_200M","Jl. Anggrek No. 238","Medan","Sumatera Utara","20111","ID","+628994626418","cust-000031@surelsintetis.id","2026-02-16","PARTIAL","ACTIVE"
"CUST-000032","Ir. Eka Setiawan","","2005-02-21","Bandung","M","ID","9904862102054926","Pelajar/Mahasiswa","15M_50M","Jl. Bougenville No. 35","Palembang","Sumatera Selatan","30111","ID","+628992629989","cust-000032@surelsintetis.id","2022-11-03","COMPLETE","ACTIVE"
"CUST-000033","H. Yuda Kusuma","","1964-12-04","Jakarta Pusat","M","ID","9940240412648692","Pedagang","50M_200M","Jl. Mawar No. 12","Surabaya","Jawa Timur","60111","ID","+628997071129","cust-000033@surelsintetis.id","2024-06-05","COMPLETE","ACTIVE"
"CUST-000034","Drs. Fajar Maulana","","1977-08-24","Denpasar","M","ID","9960132408776020","Guru","GT_200M","Jl. Kenanga No. 89","Palembang","Sumatera Selatan","30111","ID","+628998054276","cust-000034@contoh.id","2024-12-30","PARTIAL","ACTIVE"
"CUST-000035","Bagus Nugroho","","2001-03-07","Balikpapan","M","ID","9935920703010219","Guru","5M_15M","Jl. Mawar No. 175","Bandung","Jawa Barat","40111","ID","+628991978818","cust-000035@surelsintetis.id","2025-02-28","COMPLETE","ACTIVE"
"CUST-000036","Iwan Ramadhan","","1991-10-15","Semarang","M","ID","9935171510919104","Petani","50M_200M","Jl. Anggrek No. 40","Bandung","Jawa Barat","40111","ID","+628993899577","cust-000036@demo.example","2023-12-21","PARTIAL","ACTIVE"
"CUST-000037","Ir. Tono Suryadi","","2003-05-04","Makassar","M","ID","9904210405035446","Wiraswasta","5M_15M","Jl. Flamboyan No. 233","Surabaya","Jawa Timur","60111","ID","+628997526942","cust-000037@surelsintetis.id","2022-10-21","COMPLETE","ACTIVE"
"CUST-000038","Cahya Yuda Simatupang","","1991-01-14","Jakarta Pusat","M","ID","9923911401912369","PNS","50M_200M","Jl. Melati No. 177","Palembang","Sumatera Selatan","30111","ID","+628994120906","cust-000038@demo.example","2024-01-16","COMPLETE","ACTIVE"
"CUST-000039","Dewi Maulana","","1967-09-21","Balikpapan","F","ID","9942706109679418","Guru","GT_200M","Jl. Dahlia No. 35","Denpasar","Bali","80111","ID","+628992999203","cust-000039@mailuji.example","2023-06-21","COMPLETE","ACTIVE"
"CUST-000040","Hj. Lestari Hartono","","1999-02-01","Jakarta Pusat","F","ID","9971684102997377","Karyawan Swasta","5M_15M","Jl. Dahlia No. 118","Bandung","Jawa Barat","40111","ID","+628991036557","cust-000040@surelsintetis.id","2024-12-04","COMPLETE","ACTIVE"
"CUST-000041","Citra Hidayat","","1988-06-05","Surabaya","F","ID","9948394506886634","Wiraswasta","LT_5M","Jl. Teratai No. 126","Yogyakarta","DI Yogyakarta","55111","ID","+628997686201","cust-000041@mailuji.example","2026-02-13","PARTIAL","ACTIVE"
"CUST-000042","Ir. Mega Saputra","","1998-03-22","Makassar","F","ID","9947466203982299","Pengemudi Daring","LT_5M","Jl. Mawar No. 1","Makassar","Sulawesi Selatan","90111","ID","+628996397476","cust-000042@contoh.id","2025-12-26","COMPLETE","ACTIVE"
"CUST-000043","Sari Citra Nugroho","","2000-08-25","Semarang","F","ID","9962146508009348","Pengemudi Daring","15M_50M","Jl. Cempaka No. 21","Jakarta Pusat","DKI Jakarta","10110","ID","+628998161636","cust-000043@surelsintetis.id","2022-08-25","COMPLETE","ACTIVE"
"CUST-000044","Dra. Vina Santoso","","1972-06-23","Balikpapan","F","ID","9908146306720361","Pedagang","GT_200M","Jl. Bougenville No. 182","Palembang","Sumatera Selatan","30111","ID","+628991312920","cust-000044@contoh.id","2022-05-05","COMPLETE","ACTIVE"
"CUST-000045","Dewi Suryadi","","1963-12-26","Bandung","F","ID","9937506612631212","PNS","15M_50M","Jl. Flamboyan No. 83","Bandung","Jawa Barat","40111","ID","+628991817567","cust-000045@contoh.id","2025-02-05","COMPLETE","SUSPENDED"
"CUST-000046","H. Tono Oki Simatupang","","1982-10-25","Surabaya","M","ID","9905302510829956","Karyawan Swasta","5M_15M","Jl. Dahlia No. 39","Surabaya","Jawa Timur","60111","ID","+628996876432","cust-000046@contoh.id","2023-05-17","PARTIAL","ACTIVE"
"CUST-000047","Umi Saputra","","1987-07-14","Jakarta Pusat","F","ID","9915405407879582","Wiraswasta","LT_5M","Jl. Dahlia No. 236","Jakarta Pusat","DKI Jakarta","10110","ID","+628992616343","cust-000047@mailuji.example","2025-01-09","COMPLETE","ACTIVE"
"CUST-000048","Wulan Indah Kusuma","","1976-01-20","Palembang","F","ID","9908766001762292","Petani","15M_50M","Jl. Melati No. 195","Palembang","Sumatera Selatan","30111","ID","+628995058112","cust-000048@surelsintetis.id","2025-06-23","COMPLETE","ACTIVE"
"CUST-000049","Rahmat Yuda Ramadhan","","2003-10-15","Surabaya","M","ID","9904781510031006","Ibu Rumah Tangga","LT_5M","Jl. Cempaka No. 113","Surabaya","Jawa Timur","60111","ID","+628992566088","cust-000049@contoh.id","2023-08-09","PARTIAL","ACTIVE"
"CUST-000050","Bagus Simatupang","","1996-12-21","Palembang","M","ID","9994562112963275","Petani","15M_50M","Jl. Anggrek No. 84","Palembang","Sumatera Selatan","30111","ID","+628994368316","cust-000050@contoh.id","2024-09-05","PARTIAL","ACTIVE"
"CUST-000051","Joko Kusuma","","1969-04-01","Denpasar","M","ID","9956660104696643","Petani","GT_200M","Jl. Cempaka No. 197","Denpasar","Bali","80111","ID","+628999766291","cust-000051@contoh.id","2022-03-16","COMPLETE","ACTIVE"
"CUST-000052","Suryadi","","2002-03-28","Yogyakarta","F","ID","9955526803020291","Karyawan Swasta","LT_5M","Jl. Mawar No. 117","Medan","Sumatera Utara","20111","ID","+628998414917","cust-000052@demo.example","2023-11-27","COMPLETE","ACTIVE"
"CUST-000053","Iwan Halim","","1992-09-21","Yogyakarta","M","ID","9905292109923238","Buruh Harian","GT_200M","Jl. Cempaka No. 159","Yogyakarta","DI Yogyakarta","55111","ID","+628998152011","cust-000053@surelsintetis.id","2025-08-17","COMPLETE","ACTIVE"
"CUST-000054","Siti Vina Situmorang","","1984-08-18","Denpasar","F","ID","9903055808840178","Pelajar/Mahasiswa","GT_200M","Jl. Melati No. 104","Denpasar","Bali","80111","ID","+628992129270","cust-000054@demo.example","2024-10-02","PENDING","ACTIVE"
"CUST-000055","Wahyu Hadi Nugroho","","1964-08-23","Yogyakarta","M","ID","9988042308647917","Guru","GT_200M","Jl. Dahlia No. 7","Yogyakarta","DI Yogyakarta","55111","ID","+628997316919","cust-000055@demo.example","2022-03-23","COMPLETE","ACTIVE"
"CUST-000056","Eka Permana","","1991-01-16","Palembang","M","ID","9986151601914592","Pedagang","LT_5M","Jl. Cempaka No. 105","Surabaya","Jawa Timur","60111","ID","+628995323003","cust-000056@surelsintetis.id","2025-07-02","COMPLETE","ACTIVE"
"CUST-000057","Wahyu Nanda Pratama","","1971-09-13","Palembang","M","ID","9979971309714504","Wiraswasta","GT_200M","Jl. Mawar No. 25","Denpasar","Bali","80111","ID","+628993957238","cust-000057@surelsintetis.id","2023-02-20","COMPLETE","ACTIVE"
"CUST-000058","Indah Anggraini","","2004-11-26","Surabaya","F","ID","9936196611048062","Pelajar/Mahasiswa","50M_200M","Jl. Flamboyan No. 138","Surabaya","Jawa Timur","60111","ID","+628997727129","cust-000058@contoh.id","2022-10-06","COMPLETE","ACTIVE"
"CUST-000059","Ir. Eka Maulana","","1999-02-14","Makassar","M","ID","9984461402995490","Petani","GT_200M","Jl. Flamboyan No. 146","Balikpapan","Kalimantan Timur","76111","ID","+628995163681","cust-000059@surelsintetis.id","2025-04-23","COMPLETE","ACTIVE"
"CUST-000060","Oki Bagus Santoso","","1970-12-11","Denpasar","M","ID","9922311112707381","Buruh Harian","50M_200M","Jl. Cempaka No. 50","Balikpapan","Kalimantan Timur","76111","ID","+628995053035","cust-000060@mailuji.example","2026-01-06","COMPLETE","ACTIVE"
"CUST-000061","Hj. Rina Kusuma","","1961-03-17","Yogyakarta","F","ID","9958055703610247","Ibu Rumah Tangga","LT_5M","Jl. Cempaka No. 219","Yogyakarta","DI Yogyakarta","55111","ID","+628996153292","cust-000061@demo.example","2023-08-29","COMPLETE","ACTIVE"
"CUST-000062","Indah Simatupang","","1970-11-23","Medan","F","ID","9918466311703790","Ibu Rumah Tangga","LT_5M","Jl. Teratai No. 97","Semarang","Jawa Tengah","50111","ID","+628997009014","cust-000062@contoh.id","2023-03-01","COMPLETE","ACTIVE"
"CUST-000063","Wahyu Fajar Lubis","","1975-04-28","Palembang","M","ID","9988392804758100","Petani","5M_15M","Jl. Mawar No. 85","Palembang","Sumatera Selatan","30111","ID","+628998326898","cust-000063@contoh.id","2023-06-28","PENDING","SUSPENDED"
"CUST-000064","Ir. Vina Gunawan","","1963-11-24","Surabaya","F","ID","9966956411635057","Pengemudi Daring","15M_50M","Jl. Mawar No. 45","Bandung","Jawa Barat","40111","ID","+628997674055","cust-000064@demo.example","2024-12-20","PARTIAL","ACTIVE"
"CUST-000065","Ir. Citra Zahra Ramadhan","","1965-12-06","Balikpapan","F","ID","9908874612654478","Ibu Rumah Tangga","5M_15M","Jl. Melati No. 201","Denpasar","Bali","80111","ID","+628997455734","cust-000065@contoh.id","2024-11-18","COMPLETE","ACTIVE"
"CUST-000066","Eka Permana","","1969-09-15","Palembang","M","ID","9987841509694446","Guru","50M_200M","Jl. Mawar No. 43","Palembang","Sumatera Selatan","30111","ID","+628994444899","cust-000066@contoh.id","2022-07-14","PARTIAL","ACTIVE"
"CUST-000067","Bayu Halim","","1974-07-19","Semarang","M","ID","9998391907745570","Wiraswasta","5M_15M","Jl. Melati No. 9","Balikpapan","Kalimantan Timur","76111","ID","+628998329968","cust-000067@mailuji.example","2022-02-23","COMPLETE","ACTIVE"
"CUST-000068","Oki Wijaya","","1973-07-05","Medan","M","ID","9974620507736082","Ibu Rumah Tangga","50M_200M","Jl. Flamboyan No. 142","Palembang","Sumatera Selatan","30111","ID","+628993786756","cust-000068@contoh.id","2025-02-27","COMPLETE","ACTIVE"
"CUST-000069","Fajar Situmorang","","1971-12-08","Palembang","M","ID","9903470812713299","Karyawan Swasta","5M_15M","SAMA DENGAN KTP","Yogyakarta","DI Yogyakarta","55111","ID","+628997074306","cust-000069@demo.example","2026-02-19","COMPLETE","ACTIVE"
"CUST-000070","Adi Maulana","","2004-11-23","Balikpapan","M","ID","9955472311040724","Pelajar/Mahasiswa","GT_200M","Jl. Flamboyan No. 56","Surabaya","Jawa Timur","60111","ID","+628997070054","cust-000070@contoh.id","2025-12-22","PARTIAL","ACTIVE"
"CUST-000071","Rina Hartono","","2006-08-02","Yogyakarta","F","ID","9955254208066426","Pelajar/Mahasiswa","LT_5M","Jl. Bougenville No. 3","Yogyakarta","DI Yogyakarta","55111","ID","+628991722851","cust-000071@surelsintetis.id","2025-10-05","COMPLETE","ACTIVE"
"CUST-000072","Hj. Indah Pratama","","1962-10-27","Denpasar","F","ID","9972666710624955","Petani","LT_5M","Jl. Kenanga No. 122","Denpasar","Bali","80111","ID","+628991236169","cust-000072@demo.example","2024-05-03","COMPLETE","ACTIVE"
"CUST-000073","Drs. Cahya Maulana","","1998-02-12","Denpasar","M","ID","9909811202980093","Wiraswasta","15M_50M","Jl. Anggrek No. 141","Balikpapan","Kalimantan Timur","76111","ID","+628992358108","cust-000073@contoh.id","2026-02-23","COMPLETE","ACTIVE"
"CUST-000074","Hj. Wulan Saputra","","2001-09-27","Medan","F","ID","9932646709019249","Ibu Rumah Tangga","15M_50M","Jl. Dahlia No. 204","Medan","Sumatera Utara","20111","ID","+628998749300","cust-000074@contoh.id","2025-11-29","PENDING","ACTIVE"
"CUST-000075","Dra. Lestari Maulana","","1964-08-10","Bandung","F","ID","9987545008644597","Ibu Rumah Tangga","LT_5M","Jl. Teratai No. 145","Bandung","Jawa Barat","40111","ID","+628999929198","cust-000075@surelsintetis.id","2022-08-15","COMPLETE","ACTIVE"
"CUST-000076","H. Eka Suryadi","","1992-12-14","Denpasar","M","ID","9989761412928868","Pengemudi Daring","50M_200M","Jl. Kenanga No. 79","Balikpapan","Kalimantan Timur","76111","ID","+628995919232","cust-000076@surelsintetis.id","2024-04-07","COMPLETE","ACTIVE"
"CUST-000077","Zahra Halim","","1973-03-10","Medan","F","ID","9989765003732110","Petani","15M_50M","Jl. Cempaka No. 25","Palembang","Sumatera Selatan","30111","ID","+628996773804","cust-000077@demo.example","2024-05-09","COMPLETE","ACTIVE"
"CUST-000078","Kartika Simatupang","","1971-05-02","Semarang","F","ID","9929174205716910","PNS","GT_200M","Jl. Kenanga No. 89","Palembang","Sumatera Selatan","30111","ID","+628994630348","cust-000078@mailuji.example","2022-11-11","PARTIAL","ACTIVE"
"CUST-000079","Dra. Wulan Permana","","1995-10-08","Denpasar","F","ID","9978204810958973","Pengemudi Daring","GT_200M","Jl. Bougenville No. 231","Palembang","Sumatera Selatan","30111","ID","+628997071335","cust-000079@contoh.id","2022-04-20","PARTIAL","ACTIVE"
"CUST-000080","Dra. Mega Siregar","","1970-06-12","Palembang","F","ID","9930055206709465","Guru","GT_200M","Jl. Melati No. 230","Palembang","Sumatera Selatan","30111","ID","+628994713480","cust-000080@surelsintetis.id","2024-01-15","PARTIAL","ACTIVE"
"CUST-000081","Drs. Adi Lubis","","1982-09-03","Makassar","M","ID","9933840309823059","Pengemudi Daring","LT_5M","Jl. Cempaka No. 7","Semarang","Jawa Tengah","50111","ID","+628993996202","cust-000081@contoh.id","2022-06-05","COMPLETE","ACTIVE"
"CUST-000082","Rina Nugroho","","2005-07-02","Medan","F","ID","9983044207052218","Buruh Harian","LT_5M","Jl. Anggrek No. 199","Semarang","Jawa Tengah","50111","ID","+628994650369","cust-000082@surelsintetis.id","2024-10-07","COMPLETE","ACTIVE"
"CUST-000083","Gilang Tono Anggraini","","1992-04-11","Yogyakarta","M","ID","9962181104924785","Ibu Rumah Tangga","GT_200M","Jl. Melati No. 226","Jakarta Pusat","DKI Jakarta","10110","ID","+628996852801","cust-000083@surelsintetis.id","2025-06-09","COMPLETE","ACTIVE"
"CUST-000084","Anggun Permana","","1978-06-14","Makassar","F","ID","9992685406783503","Pengemudi Daring","LT_5M","Jl. Bougenville No. 89","Makassar","Sulawesi Selatan","90111","ID","+628999009847","cust-000084@mailuji.example","2026-01-31","COMPLETE","ACTIVE"
"CUST-000085","Hj. Citra Gunawan","","1998-08-18","Palembang","F","ID","9962875808987689","Buruh Harian","5M_15M","Jl. Anggrek No. 179","Denpasar","Bali","80111","ID","+628999906774","cust-000085@contoh.id","2022-12-22","COMPLETE","ACTIVE"
"CUST-000086","Drs. Eka Ramadhan","","1989-12-13","Surabaya","M","ID","9986891312895582","Pengemudi Daring","50M_200M","Jl. Cempaka No. 137","Yogyakarta","DI Yogyakarta","55111","ID","+628997892444","cust-000086@contoh.id","2022-07-30","COMPLETE","ACTIVE"
"CUST-000087","Mega Ramadhan","","1975-02-02","Medan","F","ID","9993314202753934","Pengemudi Daring","5M_15M","Jl. Anggrek No. 176","Palembang","Sumatera Selatan","30111","ID","+628995962067","cust-000087@demo.example","2024-09-03","COMPLETE","SUSPENDED"
"CUST-000088","Dra. Dewi Halim","","1970-07-15","Makassar","F","ID","9928495507709022","Buruh Harian","GT_200M","Jl. Kenanga No. 164","Makassar","Sulawesi Selatan","90111","ID","+628995923841","cust-000088@demo.example","2022-10-06","COMPLETE","ACTIVE"
"CUST-000089","H. Tono Maulana","","1983-12-14","Jakarta Pusat","M","ID","9985821412837652","Pelajar/Mahasiswa","5M_15M","Jl. Teratai No. 169","Bandung","Jawa Barat","40111","ID","+628993413820","cust-000089@mailuji.example","2025-02-19","COMPLETE","ACTIVE"
"CUST-000090","Putri Setiawan","","1968-09-20","Surabaya","F","ID","9937136009680044","Pelajar/Mahasiswa","LT_5M","Jl. Melati No. 153","Balikpapan","Kalimantan Timur","76111","ID","+628995297622","cust-000090@contoh.id","2022-02-26","COMPLETE","CLOSED"
"CUST-ER00001","Dro. Vina Santoso","","1972-06-23","Balikpapan","F","ID","9908146306720361","Pedagang","GT_200M","Jl. Bougenville No. 182","Palembang","Sumatera Selatan","30111","ID","+628991312920","cust-er00001@demo.example","2022-05-05","COMPLETE","ACTIVE"
"CUST-ER00002","Drs. Adi Lubis","","1982-09-03","Makassar","M","ID","9933840309823059","Pengemudi Daring","LT_5M","Jl. Cempaka No. 7","Semarang","Jawa Tengah","50111","ID","+628993996202","cust-er00002@surelsintetis.id","2022-06-05","COMPLETE","ACTIVE"
"CUST-ER00003","H. Tono Maulana","","1983-12-14","Jakarta Pusat","M","ID","9985731412837744","Pelajar/Mahasiswa","5M_15M","Jl. Cempaka No. 105","Bandung","Jawa Barat","40111","ID","+628993413820","cust-er00003@contoh.id","2025-02-19","COMPLETE","ACTIVE"
"CUST-ER00004","Oki Bagus Santoso","","1970-12-11","Denpasar","M","ID","9982381112700516","Buruh Harian","50M_200M","Jl. Cempaka No. 62","Balikpapan","Kalimantan Timur","76111","ID","+628995053035","cust-er00004@demo.example","2026-01-06","COMPLETE","ACTIVE"
"CUST-ER00005","Hj. Indah Pratama","","1997-03-08","Denpasar","F","ID","9930174803973663","Petani","LT_5M","Jl. Kenanga No. 122","Denpasar","Bali","80111","ID","+628998540578","cust-er00005@contoh.id","2024-05-03","COMPLETE","ACTIVE"
"CUST-ER00006","Bagus Simatupang","","1963-06-28","Palembang","M","ID","9954382806635346","Petani","15M_50M","Jl. Anggrek No. 84","Palembang","Sumatera Selatan","30111","ID","+628995340574","cust-er00006@demo.example","2024-09-05","PARTIAL","ACTIVE"
"CUST-ER00007","Dewi Maulana","","1967-09-21","Balikpapan","F","ID","9935054618975133","Guru","GT_200M","Jl. Dahlia No. 35","Denpasar","Bali","80111","ID","+628992999203","cust-er00007@contoh.id","2023-06-21","COMPLETE","ACTIVE"
"CUST-ER00008","Wahyu Nanda Pratama","","1971-09-13","Palembang","M","ID","9960599122437816","Wiraswasta","GT_200M","Jl. Mawar No. 25","Denpasar","Bali","80111","ID","+628993957238","cust-er00008@demo.example","2023-02-20","COMPLETE","ACTIVE"
"CUST-ER00009","H.  Bagus Permana","","1990-12-04","Semarang","M","ID","9987590412905830","Petani","15M_50M","Jl. Flamboyan No. 194","Semarang","Jawa Tengah","50111","ID","+628991792683","cust-er00009@mailuji.example","2024-02-28","PARTIAL","ACTIVE"
"CUST-ER00010","Hj.  Lestari Hartono","","1999-02-01","Jakarta Pusat","F","ID","9971684102997377","Karyawan Swasta","5M_15M","Jl. Dahlia No. 118","Bandung","Jawa Barat","40111","ID","+628991036557","cust-er00010@demo.example","2024-12-04","COMPLETE","ACTIVE"
