"source_device_id","device_type","os_family","app_version","is_emulator","is_rooted","first_seen","last_seen"
"DEV-000001","IOS_PHONE","Android 14","3.5.6","false","false","2025-07-07T00:00:00+07:00","2026-09-30T00:00:00+07:00"
"DEV-000002","ANDROID_PHONE","iOS 18","3.19.6","false","false","2025-10-07T00:00:00+07:00","2026-09-30T00:00:00+07:00"
"DEV-000003","ANDROID_PHONE","iOS 18","4.16.4","false","false","2025-05-16T00:00:00+07:00","2026-09-30T00:00:00+07:00"
"DEV-000004","ANDROID_PHONE","Android 15","5.1.2","false","false","2025-07-23T00:00:00+07:00","2026-09-30T00:00:00+07:00"
"DEV-000005","ANDROID_PHONE","Android 15","3.15.5","false","false","2026-02-20T00:00:00+07:00","2026-09-30T00:00:00+07:00"
"DEV-000006","IOS_PHONE","iOS 17","4.4.8","false","false","2025-03-08T00:00:00+07:00","2026-09-30T00:00:00+07:00"
"DEV-000007","IOS_PHONE","iOS 18","4.8.4","false","false","2025-07-30T00:00:00+07:00","2026-09-30T00:00:00+07:00"
"DEV-000008","TABLET","Other","5.7.2","false","false","2025-03-28T00:00:00+07:00","2026-09-30T00:00:00+07:00"
"DEV-000009","ANDROID_PHONE","iOS 17","3.4.2","false","false","2025-12-28T00:00:00+07:00","2026-09-30T00:00:00+07:00"
"DEV-000010","ANDROID_PHONE","Android 13","7.5.5","false","false","2025-06-14T00:00:00+07:00","2026-09-30T00:00:00+07:00"
"DEV-000011","IOS_PHONE","Android 13","6.2.0","false","false","2025-11-11T00:00:00+07:00","2026-09-30T00:00:00+07:00"
"DEV-000012","ANDROID_PHONE","iOS 18","4.14.6","false","false","2025-07-24T00:00:00+07:00","2026-09-30T00:00:00+07:00"
"DEV-000013","ANDROID_PHONE","Android 15","6.9.7","false","false","2025-11-23T00:00:00+07:00","2026-09-30T00:00:00+07:00"
"DEV-000014","ANDROID_PHONE","iOS 18","6.0.4","false","false","2025-04-28T00:00:00+07:00","2026-09-30T00:00:00+07:00"
"DEV-000015","ANDROID_PHONE","Android 14","3.14.0","false","false","2026-03-30T00:00:00+07:00","2026-09-30T00:00:00+07:00"
"DEV-000016","ANDROID_PHONE","Android 15","5.18.5","false","false","2025-03-02T00:00:00+07:00","2026-09-30T00:00:00+07:00"
"DEV-000017","ANDROID_PHONE","Android 14","5.6.4","false","false","2025-11-01T00:00:00+07:00","2026-09-30T00:00:00+07:00"
"DEV-000018","ANDROID_PHONE","Android 13","6.17.2","false","false","2026-01-14T00:00:00+07:00","2026-09-30T00:00:00+07:00"
"DEV-000019","ANDROID_PHONE","iOS 17","3.14.5","false","false","2025-05-30T00:00:00+07:00","2026-09-30T00:00:00+07:00"
"DEV-000020","ANDROID_PHONE","iOS 17","4.13.8","false","false","2025-12-29T00:00:00+07:00","2026-09-30T00:00:00+07:00"
"DEV-000021","ANDROID_PHONE","Android 14","7.2.4","false","false","2026-03-17T00:00:00+07:00","2026-09-30T00:00:00+07:00"
"DEV-000022","ANDROID_PHONE","iOS 17","3.3.0","false","false","2025-06-25T00:00:00+07:00","2026-09-30T00:00:00+07:00"
"DEV-000023","ANDROID_PHONE","iOS 17","5.10.3","false","false","2025-08-18T00:00:00+07:00","2026-09-30T00:00:00+07:00"
"DEV-000024","ANDROID_PHONE","Android 15","6.8.2","false","false","2025-03-10T00:00:00+07:00","2026-09-30T00:00:00+07:00"
"DEV-000025","ANDROID_PHONE","Android 13","4.3.4","false","false","2025-10-04T00:00:00+07:00","2026-09-30T00:00:00+07:00"
"DEV-000026","ANDROID_PHONE","iOS 17","5.6.4","false","false","2026-03-23T00:00:00+07:00","2026-09-30T00:00:00+07:00"
"DEV-000027","IOS_PHONE","Android 13","3.19.2","false","false","2025-03-14T00:00:00+07:00","2026-09-30T00:00:00+07:00"
"DEV-000028","ANDROID_PHONE","iOS 17","5.11.0","false","false","2026-01-10T00:00:00+07:00","2026-09-30T00:00:00+07:00"
"DEV-000029","ANDROID_PHONE","iOS 18","6.3.7","false","false","2025-12-17T00:00:00+07:00","2026-09-30T00:00:00+07:00"
"DEV-000030","ANDROID_PHONE","Android 14","4.9.7","false","false","2026-01-21T00:00:00+07:00","2026-09-30T00:00:00+07:00"
"DEV-000031","IOS_PHONE","iOS 18","7.5.6","false","false","2025-08-22T00:00:00+07:00","2026-09-30T00:00:00+07:00"
"DEV-000032","ANDROID_PHONE","Android 14","6.9.7","false","false","2026-01-22T00:00:00+07:00","2026-09-30T00:00:00+07:00"
"DEV-000033","WEB_BROWSER","Other","4.2.1","false","false","2026-02-18T00:00:00+07:00","2026-09-30T00:00:00+07:00"
"DEV-000034","ANDROID_PHONE","Android 15","5.16.8","false","false","2025-07-24T00:00:00+07:00","2026-09-30T00:00:00+07:00"
"DEV-000035","ANDROID_PHONE","iOS 18","4.3.7","false","false","2025-09-11T00:00:00+07:00","2026-09-30T00:00:00+07:00"
"DEV-000036","IOS_PHONE","Android 13","6.7.0","false","false","2025-08-12T00:00:00+07:00","2026-09-30T00:00:00+07:00"
"DEV-000037","ANDROID_PHONE","iOS 18","3.10.4","false","false","2026-01-14T00:00:00+07:00","2026-09-30T00:00:00+07:00"
"DEV-000038","IOS_PHONE","iOS 18","7.12.6","false","false","2026-01-12T00:00:00+07:00","2026-09-30T00:00:00+07:00"
"DEV-000039","IOS_PHONE","Android 14","6.6.4","false","false","2025-08-22T00:00:00+07:00","2026-09-30T00:00:00+07:00"
"DEV-000040","IOS_PHONE","Android 15","4.0.1","false","false","2025-03-11T00:00:00+07:00","2026-09-30T00:00:00+07:00"
"DEV-000041","ANDROID_PHONE","iOS 17","4.19.4","false","false","2025-05-28T00:00:00+07:00","2026-09-30T00:00:00+07:00"
"DEV-000042","ANDROID_PHONE","Android 13","7.16.0","false","false","2025-11-03T00:00:00+07:00","2026-09-30T00:00:00+07:00"
"DEV-000043","ANDROID_PHONE","iOS 18","3.9.5","false","false","2025-08-16T00:00:00+07:00","2026-09-30T00:00:00+07:00"
"DEV-000044","IOS_PHONE","Android 13","5.2.3","false","false","2025-11-15T00:00:00+07:00","2026-09-30T00:00:00+07:00"
"DEV-000045","ANDROID_PHONE","iOS 18","7.14.4","false","false","2026-03-31T00:00:00+07:00","2026-09-30T00:00:00+07:00"
"DEV-000046","IOS_PHONE","Android 13","7.13.5","false","true","2026-03-09T00:00:00+07:00","2026-09-30T00:00:00+07:00"
"DEV-000047","ANDROID_PHONE","iOS 18","3.3.1","false","false","2025-11-29T00:00:00+07:00","2026-09-30T00:00:00+07:00"
"DEV-000048","ANDROID_PHONE","iOS 17","5.9.5","false","false","2025-07-01T00:00:00+07:00","2026-09-30T00:00:00+07:00"
"DEV-000049","ANDROID_PHONE","Android 13","4.1.4","false","false","2026-01-31T00:00:00+07:00","2026-09-30T00:00:00+07:00"
"DEV-000050","ANDROID_PHONE","iOS 18","3.9.7","false","false","2025-09-19T00:00:00+07:00","2026-09-30T00:00:00+07:00"
"DEV-000051","ANDROID_PHONE","Android 15","7.15.0","false","false","2026-01-28T00:00:00+07:00","2026-09-30T00:00:00+07:00"
"DEV-000052","ANDROID_PHONE","Android 14","7.16.7","false","false","2025-12-26T00:00:00+07:00","2026-09-30T00:00:00+07:00"
"DEV-000053","IOS_PHONE","Android 15","7.11.3","false","false","2025-05-05T00:00:00+07:00","2026-09-30T00:00:00+07:00"
"DEV-000054","WEB_BROWSER","Other","7.17.8","false","false","2025-10-29T00:00:00+07:00","2026-09-30T00:00:00+07:00"
"DEV-000055","ANDROID_PHONE","Android 14","5.1.4","false","false","2025-06-21T00:00:00+07:00","2026-09-30T00:00:00+07:00"
"DEV-000056","IOS_PHONE","Android 15","6.12.3","false","false","2025-04-07T00:00:00+07:00","2026-09-30T00:00:00+07:00"
"DEV-000057","ANDROID_PHONE","iOS 17","3.3.2","false","false","2025-09-08T00:00:00+07:00","2026-09-30T00:00:00+07:00"
"DEV-000058","ANDROID_PHONE","Android 13","3.9.0","false","false","2025-03-26T00:00:00+07:00","2026-09-30T00:00:00+07:00"
"DEV-000059","ANDROID_PHONE","Android 15","5.18.4","false","false","2026-02-18T00:00:00+07:00","2026-09-30T00:00:00+07:00"
"DEV-000060","ANDROID_PHONE","Android 13","7.12.5","false","false","2025-03-02T00:00:00+07:00","2026-09-30T00:00:00+07:00"
"DEV-000061","IOS_PHONE","iOS 17","4.16.3","false","false","2026-01-01T00:00:00+07:00","2026-09-30T00:00:00+07:00"
"DEV-000062","TABLET","Other","3.7.4","false","false","2026-02-02T00:00:00+07:00","2026-09-30T00:00:00+07:00"
"DEV-000063","ANDROID_PHONE","Android 15","7.2.7","false","false","2025-11-02T00:00:00+07:00","2026-09-30T00:00:00+07:00"
"DEV-000064","ANDROID_PHONE","iOS 17","6.3.0","false","false","2025-08-13T00:00:00+07:00","2026-09-30T00:00:00+07:00"
"DEV-000065","ANDROID_PHONE","iOS 18","5.13.8","false","false","2025-04-28T00:00:00+07:00","2026-09-30T00:00:00+07:00"
"DEV-000066","ANDROID_PHONE","iOS 17","3.13.5","false","false","2026-02-03T00:00:00+07:00","2026-09-30T00:00:00+07:00"
"DEV-000067","IOS_PHONE","iOS 17","7.10.5","false","false","2026-01-17T00:00:00+07:00","2026-09-30T00:00:00+07:00"
"DEV-000068","ANDROID_PHONE","iOS 18","3.9.4","false","false","2026-03-05T00:00:00+07:00","2026-09-30T00:00:00+07:00"
"DEV-000069","ANDROID_PHONE","Android 13","6.18.5","false","false","2025-09-25T00:00:00+07:00","2026-09-30T00:00:00+07:00"
"DEV-000070","ANDROID_PHONE","iOS 18","3.0.5","false","true","2025-08-17T00:00:00+07:00","2026-09-30T00:00:00+07:00"
"DEV-000071","ANDROID_PHONE","Android 14","7.5.4","false","false","2025-06-04T00:00:00+07:00","2026-09-30T00:00:00+07:00"
"DEV-000072","TABLET","Other","6.2.0","false","false","2025-05-07T00:00:00+07:00","2026-09-30T00:00:00+07:00"
"DEV-000073","IOS_PHONE","Android 14","3.14.1","false","false","2025-02-26T00:00:00+07:00","2026-09-30T00:00:00+07:00"
"DEV-000074","TABLET","Other","3.4.0","false","false","2025-08-03T00:00:00+07:00","2026-09-30T00:00:00+07:00"
"DEV-000075","ANDROID_PHONE","iOS 17","4.6.8","false","false","2026-01-26T00:00:00+07:00","2026-09-30T00:00:00+07:00"
"DEV-000076","ANDROID_PHONE","Android 13","6.8.3","false","false","2025-10-27T00:00:00+07:00","2026-09-30T00:00:00+07:00"
"DEV-000077","ANDROID_PHONE","iOS 17","7.5.7","false","false","2025-10-06T00:00:00+07:00","2026-09-30T00:00:00+07:00"
"DEV-000078","ANDROID_PHONE","Android 14","7.5.0","false","false","2025-10-23T00:00:00+07:00","2026-09-30T00:00:00+07:00"
"DEV-000079","TABLET","Other","7.16.8","false","false","2025-08-05T00:00:00+07:00","2026-09-30T00:00:00+07:00"
"DEV-000080","ANDROID_PHONE","Android 13","5.12.0","false","false","2026-03-30T00:00:00+07:00","2026-09-30T00:00:00+07:00"
"DEV-000081","ANDROID_PHONE","Android 15","4.7.5","false","false","2025-09-08T00:00:00+07:00","2026-09-30T00:00:00+07:00"
"DEV-000082","ANDROID_PHONE","iOS 18","5.10.8","false","false","2025-09-12T00:00:00+07:00","2026-09-30T00:00:00+07:00"
"DEV-000083","ANDROID_PHONE","iOS 17","5.1.5","false","false","2025-06-03T00:00:00+07:00","2026-09-30T00:00:00+07:00"
"DEV-000084","IOS_PHONE","Android 15","5.7.1","false","false","2025-04-21T00:00:00+07:00","2026-09-30T00:00:00+07:00"
"DEV-000085","ANDROID_PHONE","iOS 17","6.15.8","false","false","2025-07-01T00:00:00+07:00","2026-09-30T00:00:00+07:00"
"DEV-000086","IOS_PHONE","iOS 18","4.6.2","false","false","2025-08-04T00:00:00+07:00","2026-09-30T00:00:00+07:00"
"DEV-000087","ANDROID_PHONE","Android 15","5.12.8","false","false","2025-05-21T00:00:00+07:00","2026-09-30T00:00:00+07:00"
"DEV-000088","ANDROID_PHONE","Android 15","6.13.5","false","false","2025-05-27T00:00:00+07:00","2026-09-30T00:00:00+07:00"
"DEV-000089","ANDROID_PHONE","Android 15","5.7.0","false","false","2025-05-05T00:00:00+07:00","2026-09-30T00:00:00+07:00"
"DEV-000090","ANDROID_PHONE","Android 13","7.3.1","false","false","2025-05-05T00:00:00+07:00","2026-09-30T00:00:00+07:00"
"DEV-000091","ANDROID_PHONE","Android 13","4.17.3","false","false","2026-01-15T00:00:00+07:00","2026-09-30T00:00:00+07:00"
"DEV-000092","TABLET","Other","3.1.7","false","false","2025-09-14T00:00:00+07:00","2026-09-30T00:00:00+07:00"
"DEV-000093","ANDROID_PHONE","iOS 17","6.15.3","false","false","2025-05-04T00:00:00+07:00","2026-09-30T00:00:00+07:00"
"DEV-000094","IOS_PHONE","Android 15","7.15.5","false","false","2025-11-05T00:00:00+07:00","2026-09-30T00:00:00+07:00"
"DEV-000095","ANDROID_PHONE","iOS 17","6.9.6","false","true","2025-10-14T00:00:00+07:00","2026-09-30T00:00:00+07:00"
"DEV-000096","ANDROID_PHONE","Android 14","3.17.8","false","false","2026-03-19T00:00:00+07:00","2026-09-30T00:00:00+07:00"
"DEV-000097","IOS_PHONE","iOS 17","4.16.0","false","false","2025-06-24T00:00:00+07:00","2026-09-30T00:00:00+07:00"
"DEV-000098","TABLET","Other","4.6.3","false","false","2025-05-29T00:00:00+07:00","2026-09-30T00:00:00+07:00"
"DEV-000099","ANDROID_PHONE","iOS 18","4.1.3","false","false","2025-11-29T00:00:00+07:00","2026-09-30T00:00:00+07:00"
"DEV-000100","ANDROID_PHONE","Android 13","6.8.8","false","false","2025-05-06T00:00:00+07:00","2026-09-30T00:00:00+07:00"
"DEV-000101","ANDROID_PHONE","iOS 18","7.18.2","false","false","2025-10-13T00:00:00+07:00","2026-09-30T00:00:00+07:00"
"DEV-000102","ANDROID_PHONE","iOS 17","7.6.5","false","false","2026-01-24T00:00:00+07:00","2026-09-30T00:00:00+07:00"
"DEV-000103","IOS_PHONE","Android 13","7.3.6","false","false","2026-05-16T00:00:00+07:00","2026-09-30T00:00:00+07:00"
"DEV-000104","IOS_PHONE","Android 13","7.7.8","false","false","2026-06-14T00:00:00+07:00","2026-09-30T00:00:00+07:00"
"DEV-000105","TABLET","Other","6.16.6","false","false","2026-05-22T00:00:00+07:00","2026-09-30T00:00:00+07:00"
"DEV-000106","ANDROID_PHONE","iOS 18","4.14.1","false","false","2026-07-07T00:00:00+07:00","2026-09-30T00:00:00+07:00"
"DEV-000107","ANDROID_PHONE","Android 15","6.7.2","false","false","2026-07-13T00:00:00+07:00","2026-09-30T00:00:00+07:00"
"DEV-000108","TABLET","Other","6.2.7","false","false","2026-06-03T00:00:00+07:00","2026-09-30T00:00:00+07:00"
"DEV-000109","IOS_PHONE","Android 13","4.12.4","false","false","2026-06-01T00:00:00+07:00","2026-09-30T00:00:00+07:00"
"DEV-000110","ANDROID_PHONE","iOS 18","3.9.8","false","false","2026-07-09T00:00:00+07:00","2026-09-30T00:00:00+07:00"
"DEV-000111","IOS_PHONE","Android 13","3.17.7","false","false","2026-07-31T00:00:00+07:00","2026-09-30T00:00:00+07:00"
"DEV-000112","ANDROID_PHONE","iOS 17","3.18.8","false","false","2026-08-24T00:00:00+07:00","2026-09-30T00:00:00+07:00"
"DEV-000113","ANDROID_PHONE","iOS 18","6.18.4","false","false","2026-07-07T00:00:00+07:00","2026-09-30T00:00:00+07:00"
"DEV-000114","IOS_PHONE","iOS 17","7.12.8","false","false","2026-08-19T00:00:00+07:00","2026-09-30T00:00:00+07:00"
"DEV-000115","ANDROID_PHONE","Android 14","4.13.0","false","false","2026-08-14T00:00:00+07:00","2026-09-30T00:00:00+07:00"
"DEV-000116","ANDROID_PHONE","iOS 17","3.6.0","false","false","2026-05-07T00:00:00+07:00","2026-09-30T00:00:00+07:00"
"DEV-000117","ANDROID_PHONE","Android 13","5.1.1","false","false","2026-08-23T00:00:00+07:00","2026-09-30T00:00:00+07:00"
"DEV-000118","ANDROID_PHONE","Android 14","4.9.7","false","false","2026-08-15T00:00:00+07:00","2026-09-30T00:00:00+07:00"
