"scenario_id","source_transaction_reference"
"ATO-EDGE-0001","TXN-000004369"
"ATO-EDGE-0001","TXN-000004370"
"ATO-EDGE-0001","TXN-000004371"
"ATO-POS-0001","TXN-000004248"
"ATO-POS-0001","TXN-000004249"
"ATO-POS-0001","TXN-000004250"
"ATO-POS-0001","TXN-000004251"
"ATO-POS-0001","TXN-000004252"
"ATO-POS-0001","TXN-000004253"
"ATO-POS-0001","TXN-000004254"
"ATO-POS-0001","TXN-000004255"
"ATO-POS-0001","TXN-000004256"
"ATO-POS-0001","TXN-000004257"
"P01-BOUND-0001","TXN-000004264"
"P01-BOUND-0001","TXN-000004265"
"P01-BOUND-0001","TXN-000004266"
"P01-EDGE-0001","TXN-000004258"
"P01-EDGE-0001","TXN-000004259"
"P01-EDGE-0001","TXN-000004260"
"P01-EDGE-0001","TXN-000004261"
"P01-EDGE-0001","TXN-000004262"
"P01-EDGE-0001","TXN-000004263"
"P01-POS-0001","TXN-000004047"
"P02-BOUND-0001","TXN-000004272"
"P02-BOUND-0001","TXN-000004273"
"P02-BOUND-0001","TXN-000004274"
"P02-EDGE-0001","TXN-000004267"
"P02-EDGE-0001","TXN-000004268"
"P02-EDGE-0001","TXN-000004269"
"P02-EDGE-0001","TXN-000004270"
"P02-EDGE-0001","TXN-000004271"
"P02-POS-0001","TXN-000004048"
"P02-POS-0001","TXN-000004049"
"P02-POS-0001","TXN-000004050"
"P03-BOUND-0001","TXN-000004281"
"P03-BOUND-0001","TXN-000004282"
"P03-BOUND-0001","TXN-000004283"
"P03-EDGE-0001","TXN-000004275"
"P03-EDGE-0001","TXN-000004276"
"P03-EDGE-0001","TXN-000004277"
"P03-EDGE-0001","TXN-000004278"
"P03-EDGE-0001","TXN-000004279"
"P03-EDGE-0001","TXN-000004280"
"P03-POS-0001","TXN-000004051"
"P03-POS-0001","TXN-000004052"
"P04-BOUND-0001","TXN-000004290"
"P04-BOUND-0001","TXN-000004291"
"P04-BOUND-0001","TXN-000004292"
"P04-EDGE-0001","TXN-000004284"
"P04-EDGE-0001","TXN-000004285"
"P04-EDGE-0001","TXN-000004286"
"P04-EDGE-0001","TXN-000004287"
"P04-EDGE-0001","TXN-000004288"
"P04-EDGE-0001","TXN-000004289"
"P04-POS-0001","TXN-000004053"
"P04-POS-0001","TXN-000004054"
"P04-POS-0001","TXN-000004055"
"P04-POS-0001","TXN-000004056"
"P04-POS-0001","TXN-000004057"
"P04-POS-0001","TXN-000004058"
"P04-POS-0001","TXN-000004059"
"P04-POS-0001","TXN-000004060"
"P04-POS-0001","TXN-000004061"
"P04-POS-0001","TXN-000004062"
"P04-POS-0001","TXN-000004063"
"P04-POS-0001","TXN-000004064"
"P04-POS-0001","TXN-000004065"
"P04-POS-0001","TXN-000004066"
"P04-POS-0001","TXN-000004067"
"P04-POS-0001","TXN-000004068"
"P04-POS-0001","TXN-000004069"
"P04-POS-0001","TXN-000004070"
"P04-POS-0001","TXN-000004071"
"P04-POS-0001","TXN-000004072"
"P04-POS-0001","TXN-000004073"
"P04-POS-0001","TXN-000004074"
"P04-POS-0001","TXN-000004075"
"P04-POS-0001","TXN-000004076"
"P04-POS-0001","TXN-000004077"
"P04-POS-0001","TXN-000004078"
"P04-POS-0001","TXN-000004079"
"P04-POS-0001","TXN-000004080"
"P04-POS-0001","TXN-000004081"
"P04-POS-0001","TXN-000004082"
"P04-POS-0001","TXN-000004083"
"P04-POS-0001","TXN-000004084"
"P04-POS-0001","TXN-000004085"
"P04-POS-0001","TXN-000004086"
"P04-POS-0001","TXN-000004087"
"P04-POS-0001","TXN-000004088"
"P04-POS-0001","TXN-000004089"
"P04-POS-0001","TXN-000004090"
"P04-POS-0001","TXN-000004091"
"P04-POS-0001","TXN-000004092"
"P04-POS-0001","TXN-000004093"
"P04-POS-0001","TXN-000004094"
"P04-POS-0001","TXN-000004095"
"P04-POS-0001","TXN-000004096"
"P04-POS-0001","TXN-000004097"
"P04-POS-0001","TXN-000004098"
"P04-POS-0001","TXN-000004099"
"P04-POS-0001","TXN-000004100"
"P04-POS-0001","TXN-000004101"
"P04-POS-0001","TXN-000004102"
"P04-POS-0001","TXN-000004103"
"P04-POS-0001","TXN-000004104"
"P04-POS-0001","TXN-000004105"
"P04-POS-0001","TXN-000004106"
"P04-POS-0001","TXN-000004107"
"P04-POS-0001","TXN-000004108"
"P04-POS-0001","TXN-000004109"
"P04-POS-0001","TXN-000004110"
"P04-POS-0001","TXN-000004111"
"P04-POS-0001","TXN-000004112"
"P04-POS-0001","TXN-000004113"
"P04-POS-0001","TXN-000004114"
"P04-POS-0001","TXN-000004115"
"P04-POS-0001","TXN-000004116"
"P04-POS-0001","TXN-000004117"
"P04-POS-0001","TXN-000004118"
"P04-POS-0001","TXN-000004119"
"P04-POS-0001","TXN-000004120"
"P04-POS-0001","TXN-000004121"
"P04-POS-0001","TXN-000004122"
"P04-POS-0001","TXN-000004123"
"P04-POS-0001","TXN-000004124"
"P04-POS-0001","TXN-000004125"
"P05-BOUND-0001","TXN-000004299"
"P05-BOUND-0001","TXN-000004300"
"P05-BOUND-0001","TXN-000004301"
"P05-EDGE-0001","TXN-000004293"
"P05-EDGE-0001","TXN-000004294"
"P05-EDGE-0001","TXN-000004295"
"P05-EDGE-0001","TXN-000004296"
"P05-EDGE-0001","TXN-000004297"
"P05-EDGE-0001","TXN-000004298"
"P05-POS-0001","TXN-000004126"
"P06-BOUND-0001","TXN-000004310"
"P06-BOUND-0001","TXN-000004311"
"P06-BOUND-0001","TXN-000004312"
"P06-EDGE-0001","TXN-000004302"
"P06-EDGE-0001","TXN-000004303"
"P06-EDGE-0001","TXN-000004304"
"P06-EDGE-0001","TXN-000004305"
"P06-EDGE-0001","TXN-000004306"
"P06-EDGE-0001","TXN-000004307"
"P06-EDGE-0001","TXN-000004308"
"P06-EDGE-0001","TXN-000004309"
"P06-POS-0001","TXN-000004127"
"P06-POS-0001","TXN-000004128"
"P06-POS-0001","TXN-000004129"
"P06-POS-0001","TXN-000004130"
"P06-POS-0001","TXN-000004131"
"P06-POS-0001","TXN-000004132"
"P06-POS-0001","TXN-000004133"
"P06-POS-0001","TXN-000004134"
"P06-POS-0001","TXN-000004135"
"P06-POS-0001","TXN-000004136"
"P07-BOUND-0001","TXN-000004319"
"P07-BOUND-0001","TXN-000004320"
"P07-BOUND-0001","TXN-000004321"
"P07-EDGE-0001","TXN-000004313"
"P07-EDGE-0001","TXN-000004314"
"P07-EDGE-0001","TXN-000004315"
"P07-EDGE-0001","TXN-000004316"
"P07-EDGE-0001","TXN-000004317"
"P07-EDGE-0001","TXN-000004318"
"P07-POS-0001","TXN-000004137"
"P07-POS-0001","TXN-000004138"
"P07-POS-0001","TXN-000004139"
"P07-POS-0001","TXN-000004140"
"P07-POS-0001","TXN-000004141"
"P07-POS-0001","TXN-000004142"
"P07-POS-0001","TXN-000004143"
"P07-POS-0001","TXN-000004144"
"P07-POS-0001","TXN-000004145"
"P07-POS-0001","TXN-000004146"
"P07-POS-0001","TXN-000004147"
"P07-POS-0001","TXN-000004148"
"P07-POS-0001","TXN-000004149"
"P07-POS-0001","TXN-000004150"
"P07-POS-0001","TXN-000004151"
"P07-POS-0001","TXN-000004152"
"P08-BOUND-0001","TXN-000004328"
"P08-BOUND-0001","TXN-000004329"
"P08-BOUND-0001","TXN-000004330"
"P08-EDGE-0001","TXN-000004322"
"P08-EDGE-0001","TXN-000004323"
"P08-EDGE-0001","TXN-000004324"
"P08-EDGE-0001","TXN-000004325"
"P08-EDGE-0001","TXN-000004326"
"P08-EDGE-0001","TXN-000004327"
"P08-POS-0001","TXN-000004153"
"P08-POS-0001","TXN-000004154"
"P08-POS-0001","TXN-000004155"
"P08-POS-0001","TXN-000004156"
"P08-POS-0001","TXN-000004157"
"P08-POS-0001","TXN-000004158"
"P08-POS-0001","TXN-000004159"
"P08-POS-0001","TXN-000004160"
"P08-POS-0001","TXN-000004161"
"P08-POS-0001","TXN-000004162"
"P08-POS-0001","TXN-000004163"
"P08-POS-0001","TXN-000004164"
"P08-POS-0001","TXN-000004165"
"P09-BOUND-0001","TXN-000004337"
"P09-BOUND-0001","TXN-000004338"
"P09-BOUND-0001","TXN-000004339"
"P09-EDGE-0001","TXN-000004331"
"P09-EDGE-0001","TXN-000004332"
"P09-EDGE-0001","TXN-000004333"
"P09-EDGE-0001","TXN-000004334"
"P09-EDGE-0001","TXN-000004335"
"P09-EDGE-0001","TXN-000004336"
"P09-POS-0001","TXN-000004166"
"P09-POS-0001","TXN-000004167"
"P09-POS-0001","TXN-000004168"
"P09-POS-0001","TXN-000004169"
"P09-POS-0001","TXN-000004170"
"P09-POS-0001","TXN-000004171"
"P09-POS-0001","TXN-000004172"
"P09-POS-0001","TXN-000004173"
"P09-POS-0001","TXN-000004174"
"P09-POS-0001","TXN-000004175"
"P09-POS-0001","TXN-000004176"
"P09-POS-0001","TXN-000004177"
"P09-POS-0001","TXN-000004178"
"P09-POS-0001","TXN-000004179"
"P09-POS-0001","TXN-000004180"
"P09-POS-0001","TXN-000004181"
"P09-POS-0001","TXN-000004182"
"P09-POS-0001","TXN-000004183"
"P09-POS-0001","TXN-000004184"
"P10-BOUND-0001","TXN-000004346"
"P10-BOUND-0001","TXN-000004347"
"P10-BOUND-0001","TXN-000004348"
"P10-EDGE-0001","TXN-000004340"
"P10-EDGE-0001","TXN-000004341"
"P10-EDGE-0001","TXN-000004342"
"P10-EDGE-0001","TXN-000004343"
"P10-EDGE-0001","TXN-000004344"
"P10-EDGE-0001","TXN-000004345"
"P10-POS-0001","TXN-000004185"
"P10-POS-0001","TXN-000004186"
"P10-POS-0001","TXN-000004187"
"P10-POS-0001","TXN-000004188"
"P10-POS-0001","TXN-000004189"
"P10-POS-0001","TXN-000004190"
"P10-POS-0001","TXN-000004191"
"P10-POS-0001","TXN-000004192"
"P10-POS-0001","TXN-000004193"
"P10-POS-0001","TXN-000004194"
"P10-POS-0001","TXN-000004195"
"P10-POS-0001","TXN-000004196"
"P10-POS-0001","TXN-000004197"
"P10-POS-0001","TXN-000004198"
"P10-POS-0001","TXN-000004199"
"P10-POS-0001","TXN-000004200"
"P10-POS-0001","TXN-000004201"
"P10-POS-0001","TXN-000004202"
"P10-POS-0001","TXN-000004203"
"P10-POS-0001","TXN-000004204"
"P10-POS-0001","TXN-000004205"
"P10-POS-0001","TXN-000004206"
"P10-POS-0001","TXN-000004207"
"P10-POS-0001","TXN-000004208"
"P10-POS-0001","TXN-000004209"
"P10-POS-0001","TXN-000004210"
"P10-POS-0001","TXN-000004211"
"P10-POS-0001","TXN-000004212"
"P10-POS-0001","TXN-000004213"
"P10-POS-0001","TXN-000004214"
"P10-POS-0001","TXN-000004215"
"P10-POS-0001","TXN-000004216"
"P10-POS-0001","TXN-000004217"
"P10-POS-0001","TXN-000004218"
"P10-POS-0001","TXN-000004219"
"P10-POS-0001","TXN-000004220"
"P10-POS-0001","TXN-000004221"
"P11-BOUND-0001","TXN-000004357"
"P11-BOUND-0001","TXN-000004358"
"P11-BOUND-0001","TXN-000004359"
"P11-EDGE-0001","TXN-000004349"
"P11-EDGE-0001","TXN-000004350"
"P11-EDGE-0001","TXN-000004351"
"P11-EDGE-0001","TXN-000004352"
"P11-EDGE-0001","TXN-000004353"
"P11-EDGE-0001","TXN-000004354"
"P11-EDGE-0001","TXN-000004355"
"P11-EDGE-0001","TXN-000004356"
"P11-POS-0001","TXN-000004222"
"P11-POS-0001","TXN-000004223"
"P11-POS-0001","TXN-000004224"
"P11-POS-0001","TXN-000004225"
"P11-POS-0001","TXN-000004226"
"P11-POS-0001","TXN-000004227"
"P11-POS-0001","TXN-000004228"
"P11-POS-0001","TXN-000004229"
"P11-POS-0001","TXN-000004230"
"P11-POS-0001","TXN-000004231"
"P11-POS-0001","TXN-000004232"
"P11-POS-0001","TXN-000004233"
"P11-POS-0001","TXN-000004234"
"P11-POS-0001","TXN-000004235"
"P11-POS-0001","TXN-000004236"
"P11-POS-0001","TXN-000004237"
"P11-POS-0001","TXN-000004238"
"P11-POS-0001","TXN-000004239"
"P11-POS-0001","TXN-000004240"
"P11-POS-0001","TXN-000004241"
"P11-POS-0001","TXN-000004242"
"P11-POS-0001","TXN-000004243"
"P11-POS-0001","TXN-000004244"
"P11-POS-0001","TXN-000004245"
"P11-POS-0001","TXN-000004246"
"P11-POS-0001","TXN-000004247"
"P12-BOUND-0001","TXN-000004366"
"P12-BOUND-0001","TXN-000004367"
"P12-BOUND-0001","TXN-000004368"
"P12-EDGE-0001","TXN-000004360"
"P12-EDGE-0001","TXN-000004361"
"P12-EDGE-0001","TXN-000004362"
"P12-EDGE-0001","TXN-000004363"
"P12-EDGE-0001","TXN-000004364"
"P12-EDGE-0001","TXN-000004365"
