"source_bo_id","source_business_id","full_name","date_of_birth","nationality","ownership_percentage","control_type","declared_date"
"BO-00001","BUS-00001","Hj. Citra Hidayat","1964-07-07","ID","73.77","BOARD_CONTROL","2025-11-02"
"BO-00002","BUS-00001","Yuda Hartono","1999-02-23","ID","26.23","OTHER_SIGNIFICANT_INFLUENCE","2024-08-28"
"BO-00003","BUS-00002","Iwan Hadi Saputra","1994-03-15","ID","100.00","OTHER_SIGNIFICANT_INFLUENCE","2024-03-22"
"BO-00004","BUS-00003","Ir. Gilang Permana","1963-07-06","ID","24.64","OTHER_SIGNIFICANT_INFLUENCE","2025-08-05"
"BO-00005","BUS-00003","Hj. Lestari Halim","1992-08-06","ID","14.32","OTHER_SIGNIFICANT_INFLUENCE","2025-07-23"
"BO-00006","BUS-00003","Cahya Siregar","1993-01-06","ID","61.04","VOTING_RIGHTS","2025-06-27"
"BO-00007","BUS-00004","Sari Hidayat","1980-10-23","ID","100.00","VOTING_RIGHTS","2024-11-03"
"BO-00008","BUS-00005","Bagus Hidayat","1970-02-03","ID","100.00","BOARD_CONTROL","2025-12-19"
"BO-00009","BUS-00006","Gita Ayu Kusuma","1989-05-22","ID","28.75","OWNERSHIP","2024-02-26"
"BO-00010","BUS-00006","Hj. Dewi Dewi Siregar","1966-01-21","ID","17.72","OWNERSHIP","2024-01-18"
"BO-00011","BUS-00006","Citra Siregar","1986-12-16","ID","11.05","VOTING_RIGHTS","2026-02-02"
"BO-00012","BUS-00006","Ir. Umi Wijaya","1961-06-09","ID","42.48","OWNERSHIP","2025-06-13"
"BO-00013","BUS-00007","Adi Hidayat","1970-08-12","ID","100.00","OWNERSHIP","2024-02-15"
"BO-00014","BUS-00008","Iwan Setiawan","1972-02-21","ID","100.00","BOARD_CONTROL","2024-11-11"
"BO-00015","BUS-00009","Ir. Wulan Ramadhan","1993-02-01","ID","100.00","VOTING_RIGHTS","2025-06-06"
"BO-00016","BUS-00010","Hj. Sari Santoso","1982-01-06","ID","17.23","OWNERSHIP","2025-08-09"
"BO-00017","BUS-00010","Zahra Maulana","1962-05-03","ID","40.00","OWNERSHIP","2024-01-08"
"BO-00018","BUS-00010","Yuda Siregar","1998-01-18","ID","12.57","VOTING_RIGHTS","2024-09-16"
"BO-00019","BUS-00010","Dra. Dewi Putri Maulana","1962-06-12","ID","30.20","BOARD_CONTROL","2024-09-07"
"BO-00020","BUS-00011","Ayu Setiawan","1993-05-18","ID","81.11","BOARD_CONTROL","2024-11-10"
"BO-00021","BUS-00011","Zahra Rina Anggraini","1992-01-06","ID","18.89","BOARD_CONTROL","2024-12-12"
"BO-00022","BUS-00012","Lestari Maulana","1969-01-20","ID","41.43","BOARD_CONTROL","2025-09-19"
"BO-00023","BUS-00012","Ir. Fajar Anggraini","1955-12-21","ID","58.57","OTHER_SIGNIFICANT_INFLUENCE","2025-03-10"
"BO-00024","BUS-00013","Ayu Indah Simatupang","1991-08-08","ID","45.86","VOTING_RIGHTS","2026-01-01"
"BO-00025","BUS-00013","Joko Dian Hartono","1998-04-04","ID","24.30","VOTING_RIGHTS","2025-09-28"
"BO-00026","BUS-00013","Rahmat Santoso","1964-09-04","ID","12.57","OWNERSHIP","2025-03-13"
"BO-00027","BUS-00013","Dra. Indah Nugroho","1999-06-20","ID","17.27","BOARD_CONTROL","2024-05-09"
"BO-00028","BUS-00014","Wulan Nugroho","1964-09-02","ID","15.29","VOTING_RIGHTS","2025-10-16"
"BO-00029","BUS-00014","Dra. Kartika Suryadi","1959-02-07","ID","84.71","VOTING_RIGHTS","2025-03-06"
"BO-00030","BUS-00015","Dewi Gita Hidayat","1999-05-12","ID","37.58","OTHER_SIGNIFICANT_INFLUENCE","2025-01-28"
"BO-00031","BUS-00015","Wahyu Gilang Situmorang","1961-07-24","ID","33.10","BOARD_CONTROL","2024-03-03"
"BO-00032","BUS-00015","Rina Rina Maulana","1963-10-04","ID","12.44","VOTING_RIGHTS","2026-02-15"
"BO-00033","BUS-00015","Zahra Setiawan","1955-02-02","ID","16.88","VOTING_RIGHTS","2024-11-26"
"BO-00034","BUS-00016","Ir. Lestari Dewi Setiawan","1967-10-07","ID","50.56","OWNERSHIP","2025-04-03"
"BO-00035","BUS-00016","Umi Lestari Lubis","1972-12-27","ID","37.21","OTHER_SIGNIFICANT_INFLUENCE","2025-09-10"
"BO-00036","BUS-00016","Adi Wijaya","1962-06-08","ID","10.17","OTHER_SIGNIFICANT_INFLUENCE","2024-07-24"
"BO-00037","BUS-00017","Drs. Rahmat Anggraini","1968-04-22","ID","42.01","VOTING_RIGHTS","2023-12-20"
"BO-00038","BUS-00017","Joko Gunawan","1985-06-15","ID","12.19","OWNERSHIP","2024-08-28"
"BO-00039","BUS-00017","H. Bayu Anggraini","1969-01-17","ID","33.82","BOARD_CONTROL","2024-07-19"
"BO-00040","BUS-00017","Adi Lubis","1977-11-10","ID","11.98","VOTING_RIGHTS","2024-11-12"
"BO-00041","BUS-00018","Umi Hartono","1994-12-19","ID","23.61","OTHER_SIGNIFICANT_INFLUENCE","2026-02-24"
"BO-00042","BUS-00018","Dra. Rina Siregar","1991-08-22","ID","18.59","VOTING_RIGHTS","2025-09-21"
"BO-00043","BUS-00018","Anggun Lubis","1994-07-12","ID","26.34","VOTING_RIGHTS","2024-10-02"
"BO-00044","BUS-00018","Hj. Dewi Citra Maulana","1974-01-06","ID","31.46","OTHER_SIGNIFICANT_INFLUENCE","2025-02-14"
"BO-00045","BUS-00019","H. Wahyu Hartono","1991-04-09","ID","30.22","VOTING_RIGHTS","2026-01-04"
"BO-00046","BUS-00019","H. Fajar Permana","1960-02-07","ID","16.45","OTHER_SIGNIFICANT_INFLUENCE","2025-02-07"
"BO-00047","BUS-00019","Drs. Dian Lubis","1980-02-11","ID","33.45","OWNERSHIP","2026-02-05"
"BO-00048","BUS-00019","Vina Hidayat","1989-06-03","ID","19.88","OWNERSHIP","2026-01-29"
"BO-00049","BUS-00020","H. Adi Simatupang","1995-02-02","ID","40.51","OWNERSHIP","2025-03-26"
"BO-00050","BUS-00020","Vina Permana","1956-08-01","ID","59.49","OTHER_SIGNIFICANT_INFLUENCE","2025-03-21"
"BO-00051","BUS-00021","Citra Pratama","1971-06-05","ID","72.48","OTHER_SIGNIFICANT_INFLUENCE","2024-05-03"
"BO-00052","BUS-00021","Hj. Rina Santoso","1969-08-03","ID","17.27","BOARD_CONTROL","2024-02-20"
"BO-00053","BUS-00021","Drs. Joko Situmorang","1961-05-08","ID","10.25","OTHER_SIGNIFICANT_INFLUENCE","2023-11-15"
"BO-00054","BUS-00022","Joko Saputra","1958-06-10","ID","14.29","OTHER_SIGNIFICANT_INFLUENCE","2024-10-20"
"BO-00055","BUS-00022","Ir. Tono Fajar Situmorang","1966-12-01","ID","41.48","BOARD_CONTROL","2024-10-22"
"BO-00056","BUS-00022","Hj. Sari Vina Nugroho","1991-05-23","ID","44.23","OTHER_SIGNIFICANT_INFLUENCE","2025-10-17"
"BO-00057","BUS-00023","Ayu Anggraini","1965-08-10","ID","49.54","VOTING_RIGHTS","2025-03-28"
"BO-00058","BUS-00023","Sari Setiawan","1964-06-01","ID","13.39","OTHER_SIGNIFICANT_INFLUENCE","2024-08-14"
"BO-00059","BUS-00023","Dra. Kartika Suryadi","1992-09-15","ID","37.07","OTHER_SIGNIFICANT_INFLUENCE","2024-07-18"
"BO-00060","BUS-00024","Hj. Rina Santoso","1985-11-07","ID","41.91","VOTING_RIGHTS","2024-07-16"
"BO-00061","BUS-00024","Bayu Situmorang","1998-12-06","ID","17.55","BOARD_CONTROL","2025-09-21"
"BO-00062","BUS-00024","Ir. Putri Setiawan","1992-08-28","ID","22.89","VOTING_RIGHTS","2024-04-30"
"BO-00063","BUS-00024","Dra. Zahra Wijaya","1967-01-22","ID","17.65","BOARD_CONTROL","2023-12-10"
"BO-00064","BUS-00025","Vina Pratama","1972-11-09","ID","100.00","BOARD_CONTROL","2024-05-03"
"BO-00065","BUS-00027","Ir. Gilang Ramadhan","1975-12-08","ID","43.79","VOTING_RIGHTS","2025-07-22"
"BO-00066","BUS-00027","Wulan Gunawan","1977-12-21","ID","19.16","OWNERSHIP","2025-02-10"
"BO-00067","BUS-00027","Wulan Permana","1992-09-21","ID","11.21","OTHER_SIGNIFICANT_INFLUENCE","2025-02-06"
"BO-00068","BUS-00027","H. Adi Situmorang","1999-07-20","ID","25.84","OTHER_SIGNIFICANT_INFLUENCE","2025-11-02"
"BO-00069","BUS-00028","Kartika Saputra","1960-09-13","ID","100.00","OTHER_SIGNIFICANT_INFLUENCE","2024-10-18"
"BO-00070","BUS-00029","Ir. Rina Sari Hidayat","1974-12-26","ID","100.00","OWNERSHIP","2025-05-18"
"BO-00071","BUS-00030","Anggun Setiawan","1983-06-09","ID","69.52","OWNERSHIP","2025-06-10"
"BO-00072","BUS-00030","Eka Setiawan","1975-06-05","ID","12.04","OTHER_SIGNIFICANT_INFLUENCE","2025-12-28"
"BO-00073","BUS-00030","Kartika Sari Hartono","1981-01-15","ID","10.69","OWNERSHIP","2025-01-08"
"BO-00074","BUS-00031","Ir. Hadi Hadi Lubis","1980-11-06","ID","52.09","VOTING_RIGHTS","2025-08-07"
"BO-00075","BUS-00031","Indah Kusuma","1999-12-02","ID","27.05","OTHER_SIGNIFICANT_INFLUENCE","2024-03-14"
"BO-00076","BUS-00031","Lestari Nugroho","1961-02-02","ID","20.86","BOARD_CONTROL","2024-05-31"
"BO-00077","BUS-00032","Yuda Anggraini","1997-02-05","ID","60.08","OTHER_SIGNIFICANT_INFLUENCE","2024-02-03"
"BO-00078","BUS-00032","Hj. Lestari Permana","1956-07-22","ID","12.94","OWNERSHIP","2023-12-25"
"BO-00079","BUS-00032","Gilang Wijaya","1958-10-22","ID","11.39","OWNERSHIP","2024-07-20"
"BO-00080","BUS-00032","Dian Hidayat","1986-09-19","ID","15.59","BOARD_CONTROL","2024-07-10"
"BO-00081","BUS-00033","Drs. Rahmat Tono Siregar","1971-09-11","ID","30.09","OWNERSHIP","2024-11-25"
"BO-00082","BUS-00033","Dra. Rina Situmorang","1987-09-10","ID","50.57","BOARD_CONTROL","2025-12-23"
"BO-00083","BUS-00033","H. Hadi Suryadi","1977-09-20","ID","10.64","VOTING_RIGHTS","2025-09-19"
"BO-00084","BUS-00034","Joko Maulana","1974-06-06","ID","17.33","OWNERSHIP","2024-04-17"
"BO-00085","BUS-00034","H. Iwan Situmorang","1998-04-21","ID","29.23","BOARD_CONTROL","2024-07-09"
"BO-00086","BUS-00034","Drs. Cahya Pratama","1958-07-16","ID","14.81","OTHER_SIGNIFICANT_INFLUENCE","2024-12-30"
"BO-00087","BUS-00034","Cahya Pratama","1997-08-01","ID","38.63","BOARD_CONTROL","2025-01-30"
"BO-00088","BUS-00035","Ir. Anggun Putri Maulana","1955-11-02","ID","100.00","OWNERSHIP","2025-10-05"
"BO-00089","BUS-00036","Cahya Hartono","1976-08-08","ID","100.00","VOTING_RIGHTS","2025-10-27"
"BO-00090","BUS-00037","Zahra Setiawan","1961-06-01","ID","56.38","OWNERSHIP","2024-09-20"
"BO-00091","BUS-00037","Ir. Gita Maulana","1957-01-01","ID","12.87","OTHER_SIGNIFICANT_INFLUENCE","2024-09-02"
"BO-00092","BUS-00037","Gilang Santoso","1974-05-01","ID","30.75","VOTING_RIGHTS","2025-08-22"
"BO-00093","BUS-00038","Lestari Pratama","1987-12-20","ID","17.68","OTHER_SIGNIFICANT_INFLUENCE","2024-04-17"
"BO-00094","BUS-00038","Ir. Umi Situmorang","1996-08-02","ID","51.03","OWNERSHIP","2024-07-30"
"BO-00095","BUS-00038","Hj. Indah Suryadi","1991-05-02","ID","13.81","OWNERSHIP","2025-02-27"
"BO-00096","BUS-00038","Ir. Iwan Saputra","1979-04-16","ID","17.48","OTHER_SIGNIFICANT_INFLUENCE","2025-08-08"
"BO-00097","BUS-00040","Hadi Halim","1995-08-11","ID","12.91","OWNERSHIP","2025-12-26"
"BO-00098","BUS-00040","H. Yuda Ramadhan","1961-07-02","ID","87.09","OTHER_SIGNIFICANT_INFLUENCE","2025-12-30"
"BO-00099","BUS-00041","Vina Anggun Santoso","1982-07-09","ID","80.36","BOARD_CONTROL","2026-02-26"
"BO-00100","BUS-00041","Bagus Siregar","1970-02-08","ID","19.64","BOARD_CONTROL","2024-06-26"
"BO-00101","BUS-00042","Yuda Anggraini","1963-05-06","ID","18.54","VOTING_RIGHTS","2025-10-14"
"BO-00102","BUS-00042","Yuda Halim","1967-03-15","ID","52.31","VOTING_RIGHTS","2026-02-20"
"BO-00103","BUS-00042","Drs. Nanda Permana","1997-06-01","ID","15.59","VOTING_RIGHTS","2024-03-14"
"BO-00104","BUS-00042","Yuda Simatupang","1992-09-02","ID","13.56","BOARD_CONTROL","2024-02-27"
"BO-00105","BUS-00043","Ir. Anggun Umi Anggraini","1980-09-07","ID","49.46","VOTING_RIGHTS","2025-09-26"
"BO-00106","BUS-00043","Cahya Situmorang","1974-01-02","ID","18.31","OWNERSHIP","2025-05-20"
"BO-00107","BUS-00043","Dra. Rina Dewi Hidayat","1966-10-19","ID","32.23","VOTING_RIGHTS","2026-01-26"
"BO-00108","BUS-00044","Ir. Indah Lubis","1962-02-06","ID","23.21","OWNERSHIP","2025-02-10"
"BO-00109","BUS-00044","Iwan Setiawan","1998-11-25","ID","76.79","VOTING_RIGHTS","2024-06-28"
"BO-00110","BUS-00045","Drs. Eka Hidayat","1985-12-18","ID","12.01","OTHER_SIGNIFICANT_INFLUENCE","2025-10-24"
"BO-00111","BUS-00045","H. Iwan Adi Kusuma","1999-10-22","ID","87.99","OWNERSHIP","2025-06-07"
"BO-00112","BUS-00046","Gilang Suryadi","1967-04-08","ID","100.00","OWNERSHIP","2025-09-14"
"BO-00113","BUS-00047","Siti Putri Halim","1955-03-07","ID","48.84","BOARD_CONTROL","2025-01-26"
"BO-00114","BUS-00047","Oki Hartono","1972-03-08","ID","38.08","OWNERSHIP","2024-02-22"
"BO-00115","BUS-00047","Oki Hartono","1986-06-28","ID","13.08","BOARD_CONTROL","2024-07-04"
"BO-00116","BUS-00048","Sari Gunawan","1990-06-16","ID","22.96","OTHER_SIGNIFICANT_INFLUENCE","2024-04-20"
"BO-00117","BUS-00048","Indah Siregar","1955-02-16","ID","11.83","OWNERSHIP","2025-08-12"
"BO-00118","BUS-00048","Vina Hidayat","1994-07-16","ID","65.21","OWNERSHIP","2025-10-01"
"BO-00119","BUS-00049","Ir. Dewi Ramadhan","1973-02-14","ID","23.12","VOTING_RIGHTS","2024-08-17"
"BO-00120","BUS-00049","Wahyu Saputra","1956-12-08","ID","61.93","VOTING_RIGHTS","2025-04-23"
"BO-00121","BUS-00049","Vina Permana","1974-03-23","ID","10.48","VOTING_RIGHTS","2024-11-29"
"BO-00122","BUS-00050","Dian Wijaya","1987-05-17","ID","100.00","OWNERSHIP","2024-04-17"
"BO-00123","BUS-00051","Ir. Rina Hartono","1969-06-16","ID","100.00","BOARD_CONTROL","2024-06-01"
"BO-00124","BUS-00052","Adi Siregar","1962-10-23","ID","24.98","OWNERSHIP","2024-01-30"
"BO-00125","BUS-00052","Ir. Wulan Maulana","1973-11-27","ID","75.02","OTHER_SIGNIFICANT_INFLUENCE","2026-02-10"
"BO-00126","BUS-00053","Ir. Kartika Simatupang","1997-01-14","ID","62.33","OWNERSHIP","2023-11-17"
"BO-00127","BUS-00053","Hj. Anggun Hartono","1966-06-11","ID","37.67","OTHER_SIGNIFICANT_INFLUENCE","2024-08-23"
"BO-00128","BUS-00054","H. Hadi Pratama","1973-06-24","ID","100.00","OTHER_SIGNIFICANT_INFLUENCE","2024-06-06"
"BO-00129","BUS-00055","Ir. Putri Kartika Permana","1968-08-22","ID","89.70","OWNERSHIP","2026-02-09"
"BO-00130","BUS-00055","Dra. Kartika Sari Saputra","1989-06-25","ID","10.04","OWNERSHIP","2025-09-28"
"BO-00131","BUS-00056","Ir. Sari Hartono","1994-10-10","ID","26.78","OWNERSHIP","2024-05-01"
"BO-00132","BUS-00056","Sari Kusuma","1974-07-01","ID","26.93","BOARD_CONTROL","2023-12-20"
"BO-00133","BUS-00056","Hadi Santoso","1987-09-26","ID","46.29","OWNERSHIP","2024-06-16"
"BO-00134","BUS-00057","Nanda Halim","1961-04-07","ID","100.00","BOARD_CONTROL","2025-08-09"
"BO-00135","BUS-00058","Dra. Mega Halim","1961-07-03","ID","73.21","BOARD_CONTROL","2023-11-04"
"BO-00136","BUS-00058","Ir. Umi Suryadi","1996-03-12","ID","15.51","OWNERSHIP","2025-10-20"
"BO-00137","BUS-00058","Ir. Joko Kusuma","1986-09-27","ID","10.97","OTHER_SIGNIFICANT_INFLUENCE","2025-04-16"
"BO-00138","BUS-00059","Dra. Mega Anggraini","1998-04-17","ID","100.00","OTHER_SIGNIFICANT_INFLUENCE","2025-09-06"
"BO-00139","BUS-00060","Wulan Hartono","1979-07-03","ID","39.47","VOTING_RIGHTS","2024-08-02"
"BO-00140","BUS-00060","Yuda Hidayat","1975-09-10","ID","48.07","OTHER_SIGNIFICANT_INFLUENCE","2026-02-05"
"BO-00141","BUS-00060","Ir. Tono Nanda Siregar","1962-09-11","ID","12.46","OTHER_SIGNIFICANT_INFLUENCE","2025-10-24"
"BO-00142","BUS-00032","Ir. Putri Kartika Permana","1968-08-22","ID","24.97","OWNERSHIP","2026-02-09"
"BO-00143","BUS-00052","Iwan Hadi Saputra","1994-03-15","ID","5.69","OTHER_SIGNIFICANT_INFLUENCE","2024-03-22"
