"scenario_id","label_type","pattern_code","entity_source_id","window_start","window_end","expected_reason_code","note"
"ER-SAME_ID_NAME_VARIANT-00001","EDGE_CASE","ER","CUST-ER00001","","","SAME_ID_NAME_VARIANT","must auto-merge; twin of CUST-000421"
"ER-SAME_ID_NAME_VARIANT-00002","EDGE_CASE","ER","CUST-ER00002","","","SAME_ID_NAME_VARIANT","must auto-merge; twin of CUST-000016"
"ER-SAME_ID_NAME_VARIANT-00003","EDGE_CASE","ER","CUST-ER00003","","","SAME_ID_NAME_VARIANT","must auto-merge; twin of CUST-000443"
"ER-SAME_ID_NAME_VARIANT-00004","EDGE_CASE","ER","CUST-ER00004","","","SAME_ID_NAME_VARIANT","must auto-merge; twin of CUST-000167"
"ER-SAME_ID_NAME_VARIANT-00005","EDGE_CASE","ER","CUST-ER00005","","","SAME_ID_NAME_VARIANT","must auto-merge; twin of CUST-000228"
"ER-SAME_ID_NAME_VARIANT-00006","EDGE_CASE","ER","CUST-ER00006","","","SAME_ID_NAME_VARIANT","must auto-merge; twin of CUST-000147"
"ER-SAME_ID_NAME_VARIANT-00007","EDGE_CASE","ER","CUST-ER00007","","","SAME_ID_NAME_VARIANT","must auto-merge; twin of CUST-000435"
"ER-SAME_ID_NAME_VARIANT-00008","EDGE_CASE","ER","CUST-ER00008","","","SAME_ID_NAME_VARIANT","must auto-merge; twin of CUST-000021"
"ER-SAME_ID_NAME_VARIANT-00009","EDGE_CASE","ER","CUST-ER00009","","","SAME_ID_NAME_VARIANT","must auto-merge; twin of CUST-000334"
"ER-SAME_ID_NAME_VARIANT-00010","EDGE_CASE","ER","CUST-ER00010","","","SAME_ID_NAME_VARIANT","must auto-merge; twin of CUST-000152"
"ER-SAME_PHONE_DOB-00011","EDGE_CASE","ER","CUST-ER00011","","","SAME_PHONE_DOB","must auto-merge; twin of CUST-000448"
"ER-SAME_PHONE_DOB-00012","EDGE_CASE","ER","CUST-ER00012","","","SAME_PHONE_DOB","must auto-merge; twin of CUST-000030"
"ER-SAME_PHONE_DOB-00013","EDGE_CASE","ER","CUST-ER00013","","","SAME_PHONE_DOB","must auto-merge; twin of CUST-000072"
"ER-SAME_PHONE_DOB-00014","EDGE_CASE","ER","CUST-ER00014","","","SAME_PHONE_DOB","must auto-merge; twin of CUST-000141"
"ER-SAME_PHONE_DOB-00015","EDGE_CASE","ER","CUST-ER00015","","","SAME_PHONE_DOB","must auto-merge; twin of CUST-000196"
"ER-SAME_PHONE_DOB-00016","EDGE_CASE","ER","CUST-ER00016","","","SAME_PHONE_DOB","must auto-merge; twin of CUST-000256"
"ER-SAME_PHONE_DOB-00017","EDGE_CASE","ER","CUST-ER00017","","","SAME_PHONE_DOB","must auto-merge; twin of CUST-000129"
"ER-SAME_PHONE_DOB-00018","EDGE_CASE","ER","CUST-ER00018","","","SAME_PHONE_DOB","must auto-merge; twin of CUST-000443"
"ER-SAME_NAME_ONLY-00019","EDGE_CASE","ER","CUST-ER00019","","","SAME_NAME_ONLY","must not auto-merge; twin of CUST-000147"
"ER-SAME_NAME_ONLY-00020","EDGE_CASE","ER","CUST-ER00020","","","SAME_NAME_ONLY","must not auto-merge; twin of CUST-000209"
"ER-SAME_NAME_ONLY-00021","EDGE_CASE","ER","CUST-ER00021","","","SAME_NAME_ONLY","must not auto-merge; twin of CUST-000424"
"ER-SAME_NAME_ONLY-00022","EDGE_CASE","ER","CUST-ER00022","","","SAME_NAME_ONLY","must not auto-merge; twin of CUST-000299"
"ER-SAME_NAME_ONLY-00023","EDGE_CASE","ER","CUST-ER00023","","","SAME_NAME_ONLY","must not auto-merge; twin of CUST-000112"
"ER-SAME_NAME_ONLY-00024","EDGE_CASE","ER","CUST-ER00024","","","SAME_NAME_ONLY","must not auto-merge; twin of CUST-000249"
"ER-SAME_NAME_ONLY-00025","EDGE_CASE","ER","CUST-ER00025","","","SAME_NAME_ONLY","must not auto-merge; twin of CUST-000016"
"ER-SAME_NAME_ONLY-00026","EDGE_CASE","ER","CUST-ER00026","","","SAME_NAME_ONLY","must not auto-merge; twin of CUST-000384"
"ER-SAME_NAME_ONLY-00027","EDGE_CASE","ER","CUST-ER00027","","","SAME_NAME_ONLY","must not auto-merge; twin of CUST-000392"
"ER-IDENTIFIER_CONFLICT-00028","EDGE_CASE","ER","CUST-ER00028","","","IDENTIFIER_CONFLICT","must force PENDING_REVIEW; twin of CUST-000453"
"ER-IDENTIFIER_CONFLICT-00029","EDGE_CASE","ER","CUST-ER00029","","","IDENTIFIER_CONFLICT","must force PENDING_REVIEW; twin of CUST-000295"
"ER-AMBIGUOUS_BAND-00030","EDGE_CASE","ER","CUST-ER00030","","","AMBIGUOUS_BAND","fills the manual review queue; twin of CUST-000314"
"ER-AMBIGUOUS_BAND-00031","EDGE_CASE","ER","CUST-ER00031","","","AMBIGUOUS_BAND","fills the manual review queue; twin of CUST-000357"
"ER-AMBIGUOUS_BAND-00032","EDGE_CASE","ER","CUST-ER00032","","","AMBIGUOUS_BAND","fills the manual review queue; twin of CUST-000023"
"ER-AMBIGUOUS_BAND-00033","EDGE_CASE","ER","CUST-ER00033","","","AMBIGUOUS_BAND","fills the manual review queue; twin of CUST-000184"
"ER-AMBIGUOUS_BAND-00034","EDGE_CASE","ER","CUST-ER00034","","","AMBIGUOUS_BAND","fills the manual review queue; twin of CUST-000259"
"ER-AMBIGUOUS_BAND-00035","EDGE_CASE","ER","CUST-ER00035","","","AMBIGUOUS_BAND","fills the manual review queue; twin of CUST-000039"
"ER-AMBIGUOUS_BAND-00036","EDGE_CASE","ER","CUST-ER00036","","","AMBIGUOUS_BAND","fills the manual review queue; twin of CUST-000251"
"ER-AMBIGUOUS_BAND-00037","EDGE_CASE","ER","CUST-ER00037","","","AMBIGUOUS_BAND","fills the manual review queue; twin of CUST-000381"
"ER-AMBIGUOUS_BAND-00038","EDGE_CASE","ER","CUST-ER00038","","","AMBIGUOUS_BAND","fills the manual review queue; twin of CUST-000449"
"ER-AMBIGUOUS_BAND-00039","EDGE_CASE","ER","CUST-ER00039","","","AMBIGUOUS_BAND","fills the manual review queue; twin of CUST-000288"
"ER-AMBIGUOUS_BAND-00040","EDGE_CASE","ER","CUST-ER00040","","","AMBIGUOUS_BAND","fills the manual review queue; twin of CUST-000222"
"ER-AMBIGUOUS_BAND-00041","EDGE_CASE","ER","CUST-ER00041","","","AMBIGUOUS_BAND","fills the manual review queue; twin of CUST-000359"
"CONTROL-CUST-000004","CONTROL_CLEAN","ALL","CUST-000004","2026-04-01","2026-09-30","","Must raise zero alerts at approved default parameters (FRD §8.14)"
"CONTROL-CUST-000007","CONTROL_CLEAN","ALL","CUST-000007","2026-04-01","2026-09-30","","Must raise zero alerts at approved default parameters (FRD §8.14)"
"CONTROL-CUST-000018","CONTROL_CLEAN","ALL","CUST-000018","2026-04-01","2026-09-30","","Must raise zero alerts at approved default parameters (FRD §8.14)"
"CONTROL-CUST-000028","CONTROL_CLEAN","ALL","CUST-000028","2026-04-01","2026-09-30","","Must raise zero alerts at approved default parameters (FRD §8.14)"
"CONTROL-CUST-000052","CONTROL_CLEAN","ALL","CUST-000052","2026-04-01","2026-09-30","","Must raise zero alerts at approved default parameters (FRD §8.14)"
"CONTROL-CUST-000061","CONTROL_CLEAN","ALL","CUST-000061","2026-04-01","2026-09-30","","Must raise zero alerts at approved default parameters (FRD §8.14)"
"CONTROL-CUST-000075","CONTROL_CLEAN","ALL","CUST-000075","2026-04-01","2026-09-30","","Must raise zero alerts at approved default parameters (FRD §8.14)"
"CONTROL-CUST-000076","CONTROL_CLEAN","ALL","CUST-000076","2026-04-01","2026-09-30","","Must raise zero alerts at approved default parameters (FRD §8.14)"
"CONTROL-CUST-000082","CONTROL_CLEAN","ALL","CUST-000082","2026-04-01","2026-09-30","","Must raise zero alerts at approved default parameters (FRD §8.14)"
"CONTROL-CUST-000096","CONTROL_CLEAN","ALL","CUST-000096","2026-04-01","2026-09-30","","Must raise zero alerts at approved default parameters (FRD §8.14)"
"CONTROL-CUST-000104","CONTROL_CLEAN","ALL","CUST-000104","2026-04-01","2026-09-30","","Must raise zero alerts at approved default parameters (FRD §8.14)"
"CONTROL-CUST-000106","CONTROL_CLEAN","ALL","CUST-000106","2026-04-01","2026-09-30","","Must raise zero alerts at approved default parameters (FRD §8.14)"
"CONTROL-CUST-000115","CONTROL_CLEAN","ALL","CUST-000115","2026-04-01","2026-09-30","","Must raise zero alerts at approved default parameters (FRD §8.14)"
"CONTROL-CUST-000127","CONTROL_CLEAN","ALL","CUST-000127","2026-04-01","2026-09-30","","Must raise zero alerts at approved default parameters (FRD §8.14)"
"CONTROL-CUST-000130","CONTROL_CLEAN","ALL","CUST-000130","2026-04-01","2026-09-30","","Must raise zero alerts at approved default parameters (FRD §8.14)"
"CONTROL-CUST-000150","CONTROL_CLEAN","ALL","CUST-000150","2026-04-01","2026-09-30","","Must raise zero alerts at approved default parameters (FRD §8.14)"
"CONTROL-CUST-000171","CONTROL_CLEAN","ALL","CUST-000171","2026-04-01","2026-09-30","","Must raise zero alerts at approved default parameters (FRD §8.14)"
"CONTROL-CUST-000209","CONTROL_CLEAN","ALL","CUST-000209","2026-04-01","2026-09-30","","Must raise zero alerts at approved default parameters (FRD §8.14)"
"CONTROL-CUST-000219","CONTROL_CLEAN","ALL","CUST-000219","2026-04-01","2026-09-30","","Must raise zero alerts at approved default parameters (FRD §8.14)"
"CONTROL-CUST-000220","CONTROL_CLEAN","ALL","CUST-000220","2026-04-01","2026-09-30","","Must raise zero alerts at approved default parameters (FRD §8.14)"
"CONTROL-CUST-000238","CONTROL_CLEAN","ALL","CUST-000238","2026-04-01","2026-09-30","","Must raise zero alerts at approved default parameters (FRD §8.14)"
"CONTROL-CUST-000240","CONTROL_CLEAN","ALL","CUST-000240","2026-04-01","2026-09-30","","Must raise zero alerts at approved default parameters (FRD §8.14)"
"CONTROL-CUST-000251","CONTROL_CLEAN","ALL","CUST-000251","2026-04-01","2026-09-30","","Must raise zero alerts at approved default parameters (FRD §8.14)"
"CONTROL-CUST-000264","CONTROL_CLEAN","ALL","CUST-000264","2026-04-01","2026-09-30","","Must raise zero alerts at approved default parameters (FRD §8.14)"
"CONTROL-CUST-000268","CONTROL_CLEAN","ALL","CUST-000268","2026-04-01","2026-09-30","","Must raise zero alerts at approved default parameters (FRD §8.14)"
"CONTROL-CUST-000285","CONTROL_CLEAN","ALL","CUST-000285","2026-04-01","2026-09-30","","Must raise zero alerts at approved default parameters (FRD §8.14)"
"CONTROL-CUST-000298","CONTROL_CLEAN","ALL","CUST-000298","2026-04-01","2026-09-30","","Must raise zero alerts at approved default parameters (FRD §8.14)"
"CONTROL-CUST-000306","CONTROL_CLEAN","ALL","CUST-000306","2026-04-01","2026-09-30","","Must raise zero alerts at approved default parameters (FRD §8.14)"
"CONTROL-CUST-000307","CONTROL_CLEAN","ALL","CUST-000307","2026-04-01","2026-09-30","","Must raise zero alerts at approved default parameters (FRD §8.14)"
"CONTROL-CUST-000317","CONTROL_CLEAN","ALL","CUST-000317","2026-04-01","2026-09-30","","Must raise zero alerts at approved default parameters (FRD §8.14)"
"CONTROL-CUST-000333","CONTROL_CLEAN","ALL","CUST-000333","2026-04-01","2026-09-30","","Must raise zero alerts at approved default parameters (FRD §8.14)"
"CONTROL-CUST-000340","CONTROL_CLEAN","ALL","CUST-000340","2026-04-01","2026-09-30","","Must raise zero alerts at approved default parameters (FRD §8.14)"
"CONTROL-CUST-000347","CONTROL_CLEAN","ALL","CUST-000347","2026-04-01","2026-09-30","","Must raise zero alerts at approved default parameters (FRD §8.14)"
"CONTROL-CUST-000350","CONTROL_CLEAN","ALL","CUST-000350","2026-04-01","2026-09-30","","Must raise zero alerts at approved default parameters (FRD §8.14)"
"CONTROL-CUST-000362","CONTROL_CLEAN","ALL","CUST-000362","2026-04-01","2026-09-30","","Must raise zero alerts at approved default parameters (FRD §8.14)"
"CONTROL-CUST-000374","CONTROL_CLEAN","ALL","CUST-000374","2026-04-01","2026-09-30","","Must raise zero alerts at approved default parameters (FRD §8.14)"
"CONTROL-CUST-000402","CONTROL_CLEAN","ALL","CUST-000402","2026-04-01","2026-09-30","","Must raise zero alerts at approved default parameters (FRD §8.14)"
"CONTROL-CUST-000411","CONTROL_CLEAN","ALL","CUST-000411","2026-04-01","2026-09-30","","Must raise zero alerts at approved default parameters (FRD §8.14)"
"CONTROL-CUST-000420","CONTROL_CLEAN","ALL","CUST-000420","2026-04-01","2026-09-30","","Must raise zero alerts at approved default parameters (FRD §8.14)"
"CONTROL-CUST-000421","CONTROL_CLEAN","ALL","CUST-000421","2026-04-01","2026-09-30","","Must raise zero alerts at approved default parameters (FRD §8.14)"
"CONTROL-CUST-000422","CONTROL_CLEAN","ALL","CUST-000422","2026-04-01","2026-09-30","","Must raise zero alerts at approved default parameters (FRD §8.14)"
"CONTROL-CUST-000432","CONTROL_CLEAN","ALL","CUST-000432","2026-04-01","2026-09-30","","Must raise zero alerts at approved default parameters (FRD §8.14)"
"P01-POS-0001","INJECTED_POSITIVE","P01","CUST-000278","2026-09-25","2026-09-25","P01_UNUSUALLY_LARGE_SINGLE_TRANSFER","Single transfer far above the individual threshold band"
"P01-POS-0002","INJECTED_POSITIVE","P01","CUST-000435","2026-05-31","2026-05-31","P01_UNUSUALLY_LARGE_SINGLE_TRANSFER","Single transfer far above the individual threshold band"
"P01-POS-0003","INJECTED_POSITIVE","P01","CUST-000433","2026-06-25","2026-06-25","P01_UNUSUALLY_LARGE_SINGLE_TRANSFER","Single transfer far above the individual threshold band"
"P02-POS-0001","INJECTED_POSITIVE","P02","CUST-000372","2026-07-23","2026-07-29","P02_STRUCTURING_BELOW_THE_REPORTING_THRESHOLD","3 deposits in band within a 7-day window"
"P02-POS-0002","INJECTED_POSITIVE","P02","CUST-000043","2026-06-30","2026-07-06","P02_STRUCTURING_BELOW_THE_REPORTING_THRESHOLD","5 deposits in band within a 7-day window"
"P03-POS-0001","INJECTED_POSITIVE","P03","CUST-000455","2026-07-17","2026-07-17","P03_SAME-DAY_PASS-THROUGH","Funds in and substantially out again within hours"
"P03-POS-0002","INJECTED_POSITIVE","P03","CUST-000329","2026-08-25","2026-08-25","P03_SAME-DAY_PASS-THROUGH","Funds in and substantially out again within hours"
"P04-POS-0001","INJECTED_POSITIVE","P04","CUST-000088","2026-06-14","2026-06-17","P04_TRANSACTION_COUNT_SPIKE_AGAINST_BASELINE","Transaction count far above the entity's own baseline"
"P04-POS-0002","INJECTED_POSITIVE","P04","CUST-000367","2026-08-14","2026-08-17","P04_TRANSACTION_COUNT_SPIKE_AGAINST_BASELINE","Transaction count far above the entity's own baseline"
"P04-POS-0003","INJECTED_POSITIVE","P04","CUST-000334","2026-07-28","2026-07-31","P04_TRANSACTION_COUNT_SPIKE_AGAINST_BASELINE","Transaction count far above the entity's own baseline"
"P05-POS-0001","INJECTED_POSITIVE","P05","CUST-000030","2026-05-09","2026-09-01","P05_DORMANT_ACCOUNT_REACTIVATION","115 dormant days, then a material credit"
"P05-POS-0002","INJECTED_POSITIVE","P05","CUST-000400","2026-05-19","2026-09-18","P05_DORMANT_ACCOUNT_REACTIVATION","122 dormant days, then a material credit"
"P06-POS-0001","INJECTED_POSITIVE","P06","CUST-000166","2026-08-31","2026-09-13","P06_UNIFORM_ROUND_AMOUNTS","Repeated identical round amount 50,000,000"
"P06-POS-0002","INJECTED_POSITIVE","P06","CUST-000250","2026-09-01","2026-09-14","P06_UNIFORM_ROUND_AMOUNTS","Repeated identical round amount 250,000,000"
"P07-POS-0001","INJECTED_POSITIVE","P07","CUST-000163","2026-08-21","2026-09-25","P07_STEPPED_WEEKLY_VALUE_INCREASE","Weekly value stepping up by 2-3x"
"P07-POS-0002","INJECTED_POSITIVE","P07","CUST-000148","2026-07-13","2026-08-17","P07_STEPPED_WEEKLY_VALUE_INCREASE","Weekly value stepping up by 2-3x"
"P08-POS-0001","INJECTED_POSITIVE","P08","CUST-000223","2026-07-21","2026-08-10","P08_CONCENTRATED_HIGH-RISK_GEOGRAPHY_EXPOSURE","Exposure concentrated on listed geography VU"
"P08-POS-0002","INJECTED_POSITIVE","P08","CUST-000305","2026-08-17","2026-09-06","P08_CONCENTRATED_HIGH-RISK_GEOGRAPHY_EXPOSURE","Exposure concentrated on listed geography SC"
"P09-POS-0001","INJECTED_POSITIVE","P09","CUST-000384","2026-07-20","2026-08-03","P09_DEVICE_SHARED_BY_UNRELATED_ENTITIES","Device DEV-000589 shared by 4 unrelated entities"
"P09-POS-0001","INJECTED_POSITIVE","P09","CUST-000011","2026-07-20","2026-08-03","P09_DEVICE_SHARED_BY_UNRELATED_ENTITIES","Device DEV-000589 shared by 4 unrelated entities"
"P09-POS-0001","INJECTED_POSITIVE","P09","CUST-000143","2026-07-20","2026-08-03","P09_DEVICE_SHARED_BY_UNRELATED_ENTITIES","Device DEV-000589 shared by 4 unrelated entities"
"P09-POS-0001","INJECTED_POSITIVE","P09","CUST-000375","2026-07-20","2026-08-03","P09_DEVICE_SHARED_BY_UNRELATED_ENTITIES","Device DEV-000589 shared by 4 unrelated entities"
"P09-POS-0002","INJECTED_POSITIVE","P09","CUST-000281","2026-09-01","2026-09-15","P09_DEVICE_SHARED_BY_UNRELATED_ENTITIES","Device DEV-000590 shared by 6 unrelated entities"
"P09-POS-0002","INJECTED_POSITIVE","P09","CUST-000265","2026-09-01","2026-09-15","P09_DEVICE_SHARED_BY_UNRELATED_ENTITIES","Device DEV-000590 shared by 6 unrelated entities"
"P09-POS-0002","INJECTED_POSITIVE","P09","CUST-000208","2026-09-01","2026-09-15","P09_DEVICE_SHARED_BY_UNRELATED_ENTITIES","Device DEV-000590 shared by 6 unrelated entities"
"P09-POS-0002","INJECTED_POSITIVE","P09","CUST-000213","2026-09-01","2026-09-15","P09_DEVICE_SHARED_BY_UNRELATED_ENTITIES","Device DEV-000590 shared by 6 unrelated entities"
"P09-POS-0002","INJECTED_POSITIVE","P09","CUST-000283","2026-09-01","2026-09-15","P09_DEVICE_SHARED_BY_UNRELATED_ENTITIES","Device DEV-000590 shared by 6 unrelated entities"
"P09-POS-0002","INJECTED_POSITIVE","P09","CUST-000359","2026-09-01","2026-09-15","P09_DEVICE_SHARED_BY_UNRELATED_ENTITIES","Device DEV-000590 shared by 6 unrelated entities"
"P10-POS-0001","INJECTED_POSITIVE","P10","BUS-00038","2026-07-31","2026-08-25","P10_MERCHANT_ACTIVITY_INCONSISTENT_WITH_ITS_MCC","Ticket size inconsistent with MCC 7832"
"P10-POS-0002","INJECTED_POSITIVE","P10","BUS-00018","2026-06-17","2026-07-12","P10_MERCHANT_ACTIVITY_INCONSISTENT_WITH_ITS_MCC","Ticket size inconsistent with MCC 5541"
"P11-POS-0001","INJECTED_POSITIVE","P11","CUST-000017","2026-09-02","2026-09-07","P11_MANY-TO-ONE_FUNNEL_WITH_DEVICE_OVERLAP","15-to-1 convergence with device overlap"
"P11-POS-0002","INJECTED_POSITIVE","P11","CUST-000260","2026-06-21","2026-06-26","P11_MANY-TO-ONE_FUNNEL_WITH_DEVICE_OVERLAP","15-to-1 convergence with device overlap"
"P12-POS-0001","INJECTED_POSITIVE","P12","CUST-000144","2026-04-01","2026-09-30","P12_NAME_SIMILAR_TO_A_SYNTHETIC_LIST_RECORD","Name close to list record WL-00071 (SANCTIONS_SYNTHETIC)"
"P12-POS-0002","INJECTED_POSITIVE","P12","CUST-000332","2026-04-01","2026-09-30","P12_NAME_SIMILAR_TO_A_SYNTHETIC_LIST_RECORD","Name close to list record WL-00103 (PEP_SYNTHETIC)"
"P12-POS-0003","INJECTED_POSITIVE","P12","CUST-000214","2026-04-01","2026-09-30","P12_NAME_SIMILAR_TO_A_SYNTHETIC_LIST_RECORD","Name close to list record WL-00082 (PEP_SYNTHETIC)"
"P12-POS-0004","INJECTED_POSITIVE","P12","CUST-000336","2026-04-01","2026-09-30","P12_NAME_SIMILAR_TO_A_SYNTHETIC_LIST_RECORD","Name close to list record WL-00061 (PEP_SYNTHETIC)"
"ATO-POS-0001","INJECTED_POSITIVE","ATO","CUST-000207","2026-08-11","2026-08-11","ATO_ACCOUNT_TAKEOVER_AFTER_DORMANCY_ON_A_NEW_DEV","91 quiet days, then 9 outgoing payments within 4.7 h from a device this customer had never used"
"ATO-POS-0002","INJECTED_POSITIVE","ATO","CUST-000391","2026-09-15","2026-09-15","ATO_ACCOUNT_TAKEOVER_AFTER_DORMANCY_ON_A_NEW_DEV","105 quiet days, then 12 outgoing payments within 6.5 h from a device this customer had never used"
"ATO-POS-0003","INJECTED_POSITIVE","ATO","CUST-000327","2026-09-24","2026-09-24","ATO_ACCOUNT_TAKEOVER_AFTER_DORMANCY_ON_A_NEW_DEV","124 quiet days, then 11 outgoing payments within 6.2 h from a device this customer had never used"
"P01-EDGE-0001","EDGE_CASE","P01","CUST-000217","2026-08-10","2026-08-10","P01_UNUSUALLY_LARGE_SINGLE_TRANSFER","Annual bonus, under the individual threshold"
"P01-BOUND-0001","EDGE_CASE","P01","CUST-000172","2026-07-29","2026-08-05","P01_UNUSUALLY_LARGE_SINGLE_TRANSFER","One transfer of exactly IDR 100,000,000 (at, not above, the individual threshold) from a customer with 8 transactions in 90 days, under MIN_HISTORY_TXNS 20 (FRD §8.1)"
"P02-EDGE-0001","EDGE_CASE","P02","CUST-000273","2026-07-16","2026-08-30","P02_STRUCTURING_BELOW_THE_REPORTING_THRESHOLD","Arisan collector: in-band deposits, but always spread past the 7-day window"
"P02-BOUND-0001","EDGE_CASE","P02","CUST-000190","2026-06-29","2026-07-06","P02_STRUCTURING_BELOW_THE_REPORTING_THRESHOLD","Exactly at threshold (500,000,000): the threshold is exclusive, so not in band (FRD §8.2)"
"P03-EDGE-0001","EDGE_CASE","P03","CUST-000085","2026-07-24","2026-08-26","P03_SAME-DAY_PASS-THROUGH","Salary in, bills and savings out the same day, every month"
"P03-BOUND-0001","EDGE_CASE","P03","CUST-000152","2026-06-12","2026-06-19","P03_SAME-DAY_PASS-THROUGH","79% of a IDR 60M credit out within hours: under PASSTHROUGH_RATIO 0.80 (FRD §8.3)"
"P04-EDGE-0001","EDGE_CASE","P04","CUST-000120","2026-06-25","2026-07-25","P04_TRANSACTION_COUNT_SPIKE_AGAINST_BASELINE","Payroll disburser on payday: 27 staff paid within hours, every month"
"P04-BOUND-0001","EDGE_CASE","P04","CUST-000280","2026-09-06","2026-09-13","P04_TRANSACTION_COUNT_SPIKE_AGAINST_BASELINE","Exactly 14 transactions within 24 hours: under MIN_COUNT_FLOOR 15 (FRD §8.4)"
"P05-EDGE-0001","EDGE_CASE","P05","CUST-000113","2026-08-18","2026-08-20","P05_DORMANT_ACCOUNT_REACTIVATION","Back from working abroad after 102 quiet days: savings sent home, ordinary spending"
"P05-BOUND-0001","EDGE_CASE","P05","CUST-000133","2026-05-18","2026-08-22","P05_DORMANT_ACCOUNT_REACTIVATION","Account quiet for 89 days, then a IDR 30M credit: under DORMANCY_DAYS 90 (FRD §8.5)"
"P06-EDGE-0001","EDGE_CASE","P06","CUST-000189","2026-06-07","2026-06-23","P06_UNIFORM_ROUND_AMOUNTS","Agent kiosk float top-ups in round amounts"
"P06-BOUND-0001","EDGE_CASE","P06","CUST-000244","2026-08-27","2026-09-03","P06_UNIFORM_ROUND_AMOUNTS","Exactly 4 round amounts of IDR 10M in 30 days: under MIN_COUNT 5 (FRD §8.6)"
"P07-EDGE-0001","EDGE_CASE","P07","CUST-000110","2026-06-24","2026-07-15","P07_STEPPED_WEEKLY_VALUE_INCREASE","Seasonal trader: three weeks of sales from many buyers"
"P08-EDGE-0001","EDGE_CASE","P08","CUST-000276","2026-07-06","2026-09-28","P08_CONCENTRATED_HIGH-RISK_GEOGRAPHY_EXPOSURE","Cross-border student receiving family support"
"P09-EDGE-0001","EDGE_CASE","P09","CUST-000041","2026-06-15","2026-07-20","P09_DEVICE_SHARED_BY_UNRELATED_ENTITIES","Family of 3 at one address sharing one handset"
"P09-EDGE-0001","EDGE_CASE","P09","CUST-000023","2026-06-15","2026-07-20","P09_DEVICE_SHARED_BY_UNRELATED_ENTITIES","Family of 3 at one address sharing one handset"
"P09-EDGE-0001","EDGE_CASE","P09","CUST-000293","2026-06-15","2026-07-20","P09_DEVICE_SHARED_BY_UNRELATED_ENTITIES","Family of 3 at one address sharing one handset"
"P09-BOUND-0001","EDGE_CASE","P09","CUST-000092","2026-07-10","2026-07-24","P09_DEVICE_SHARED_BY_UNRELATED_ENTITIES","One device used by exactly 3 entities: under MIN_DISTINCT_ENTITIES 4 (FRD §8.9)"
"P09-BOUND-0001","EDGE_CASE","P09","CUST-000116","2026-07-10","2026-07-24","P09_DEVICE_SHARED_BY_UNRELATED_ENTITIES","One device used by exactly 3 entities: under MIN_DISTINCT_ENTITIES 4 (FRD §8.9)"
"P09-BOUND-0001","EDGE_CASE","P09","CUST-000071","2026-07-10","2026-07-24","P09_DEVICE_SHARED_BY_UNRELATED_ENTITIES","One device used by exactly 3 entities: under MIN_DISTINCT_ENTITIES 4 (FRD §8.9)"
"P10-EDGE-0001","EDGE_CASE","P10","BUS-00009","2026-09-02","2026-09-27","P10_MERCHANT_ACTIVITY_INCONSISTENT_WITH_ITS_MCC","B2B supplier with 3 large clients, tickets consistent with MCC 4722"
"P11-EDGE-0001","EDGE_CASE","P11","CUST-000068","2026-06-24","2026-08-05","P11_MANY-TO-ONE_FUNNEL_WITH_DEVICE_OVERLAP","School fee account: 42 payers, the same fee, the same names every month"
"P11-BOUND-0001","EDGE_CASE","P11","CUST-000111","2026-08-12","2026-08-19","P11_MANY-TO-ONE_FUNNEL_WITH_DEVICE_OVERLAP","Exactly 7 senders within 48 hours, over IDR 200M: under MIN_DISTINCT_COUNTERPARTIES 8 (FRD §8.11)"
"P12-EDGE-0001","EDGE_CASE","P12","CUST-000312","2026-04-01","2026-09-30","P12_NAME_SIMILAR_TO_A_SYNTHETIC_LIST_RECORD","Shares a common given name with list record WL-00098"
"ATO-EDGE-0001","EDGE_CASE","ATO","CUST-000289","2026-09-25","2026-09-27","ATO_ACCOUNT_TAKEOVER_AFTER_DORMANCY_ON_A_NEW_DEV","RETURNING_NEW_PHONE: back after 139 quiet days on a new phone, ordinary spending"
"ATO-EDGE-0002","EDGE_CASE","ATO","CUST-000035","2026-07-26","2026-07-26","ATO_ACCOUNT_TAKEOVER_AFTER_DORMANCY_ON_A_NEW_DEV","NEW_PHONE_PAYDAY: new phone on payday, a burst of routine payments"
