"list_record_id","list_type","primary_name","aliases","date_of_birth","nationality","country","position_or_role","note"
"WL-00001","PEP_SYNTHETIC","Iwan Maulana","","1964-10-25","MY","ID","Komisaris (sintetis)","Synthetic record; not derived from any real list."
"WL-00002","PEP_SYNTHETIC","Nanda Bayu Nugroho","","","ID","ID","Kepala Dinas (sintetis)","Synthetic record; not derived from any real list."
"WL-00003","INTERNAL_WATCH","Wulan Siti Permana","","1959-01-14","ID","ID","","Synthetic record; not derived from any real list."
"WL-00004","PEP_SYNTHETIC","Rahmat Wahyu Siregar","Rehmat Wahyu Siregar","","ID","ID","Komisaris (sintetis)","Synthetic record; not derived from any real list."
"WL-00005","PEP_SYNTHETIC","Rina Gunawan","","","ID","ID","Pejabat Daerah (sintetis)","Synthetic record; not derived from any real list."
"WL-00006","PEP_SYNTHETIC","Eka Permana","","","ID","ID","Direktur BUMD (sintetis)","Synthetic record; not derived from any real list."
"WL-00007","PEP_SYNTHETIC","Ir. Eka Maulana","","1963-07-03","ID","ID","Kepala Dinas (sintetis)","Synthetic record; not derived from any real list."
"WL-00008","PEP_SYNTHETIC","Wahyu Wijaya","","1953-11-16","ID","ID","Kepala Dinas (sintetis)","Synthetic record; not derived from any real list."
"WL-00009","SANCTIONS_SYNTHETIC","Indah Hidayat","","1993-03-08","ID","ID","","Synthetic record; not derived from any real list."
"WL-00010","INTERNAL_WATCH","Zahra Gunawan","Zehra Gunawan","1993-01-18","ID","ID","","Synthetic record; not derived from any real list."
"WL-00011","PEP_SYNTHETIC","Bayu Adi Suryadi","","1971-10-18","ID","ID","Pejabat Daerah (sintetis)","Synthetic record; not derived from any real list."
"WL-00012","SANCTIONS_SYNTHETIC","Eka Fajar Wijaya","","1997-08-18","ID","ID","","Synthetic record; not derived from any real list."
"WL-00013","SANCTIONS_SYNTHETIC","Bayu Fajar Lubis","","","AE","ID","","Synthetic record; not derived from any real list."
"WL-00014","PEP_SYNTHETIC","Drs. Gilang Simatupang","","1997-10-23","ID","ID","Kepala Dinas (sintetis)","Synthetic record; not derived from any real list."
"WL-00015","PEP_SYNTHETIC","Dra. Anggun Saputra","","1993-05-28","ID","ID","Komisaris (sintetis)","Synthetic record; not derived from any real list."
"WL-00016","PEP_SYNTHETIC","Drs. Bayu Lubis","","","ID","ID","Direktur BUMD (sintetis)","Synthetic record; not derived from any real list."
"WL-00017","PEP_SYNTHETIC","H. Joko Kusuma","H. Joko Kusume","1974-11-10","KR","ID","Direktur BUMD (sintetis)","Synthetic record; not derived from any real list."
"WL-00018","PEP_SYNTHETIC","Ir. Cahya Situmorang","Ir. Cehya Situmorang","1952-09-16","ID","ID","Kepala Dinas (sintetis)","Synthetic record; not derived from any real list."
"WL-00019","PEP_SYNTHETIC","Umi Situmorang","Umi Situmoreng","1981-11-24","ID","ID","Direktur BUMD (sintetis)","Synthetic record; not derived from any real list."
"WL-00020","SANCTIONS_SYNTHETIC","Dian Ramadhan","","1955-04-14","SA","ID","","Synthetic record; not derived from any real list."
"WL-00021","PEP_SYNTHETIC","Ir. Putri Suryadi","Ir. Putri Suryedi","","ID","ID","Anggota Dewan (sintetis)","Synthetic record; not derived from any real list."
"WL-00022","SANCTIONS_SYNTHETIC","Adi Gunawan","","1968-02-08","ID","ID","","Synthetic record; not derived from any real list."
"WL-00023","PEP_SYNTHETIC","Lestari Indah Siregar","Lesteri Indah Siregar","1983-02-28","ID","ID","Anggota Dewan (sintetis)","Synthetic record; not derived from any real list."
"WL-00024","PEP_SYNTHETIC","H. Cahya Anggraini","","","ID","ID","Komisaris (sintetis)","Synthetic record; not derived from any real list."
"WL-00025","PEP_SYNTHETIC","Zahra Mega Santoso","","","ID","ID","Komisaris (sintetis)","Synthetic record; not derived from any real list."
"WL-00026","INTERNAL_WATCH","Adi Hartono","Adi Hertono","","ID","ID","","Synthetic record; not derived from any real list."
"WL-00027","PEP_SYNTHETIC","Adi Anggraini","","","ID","ID","Pejabat Daerah (sintetis)","Synthetic record; not derived from any real list."
"WL-00028","PEP_SYNTHETIC","Yuda Kusuma","","1952-07-12","ID","ID","Anggota Dewan (sintetis)","Synthetic record; not derived from any real list."
"WL-00029","PEP_SYNTHETIC","Drs. Oki Adi Suryadi","Drs. Oki Adi Suryedi","1997-11-14","AU","ID","Direktur BUMD (sintetis)","Synthetic record; not derived from any real list."
"WL-00030","PEP_SYNTHETIC","Rahmat Hidayat","Rehmat Hidayat","1970-01-06","ID","ID","Anggota Dewan (sintetis)","Synthetic record; not derived from any real list."
"WL-00031","SANCTIONS_SYNTHETIC","Ayu Siregar","","1984-05-04","ID","ID","","Synthetic record; not derived from any real list."
"WL-00032","PEP_SYNTHETIC","Wulan Halim","","1987-01-27","ID","ID","Komisaris (sintetis)","Synthetic record; not derived from any real list."
"WL-00033","PEP_SYNTHETIC","Eka Cahya Halim","","1963-03-20","ID","ID","Direktur BUMD (sintetis)","Synthetic record; not derived from any real list."
"WL-00034","INTERNAL_WATCH","Fajar Nugroho","","1967-10-08","ID","ID","","Synthetic record; not derived from any real list."
"WL-00035","PEP_SYNTHETIC","Wahyu Setiawan","","1989-10-21","ID","ID","Pejabat Daerah (sintetis)","Synthetic record; not derived from any real list."
"WL-00036","PEP_SYNTHETIC","Citra Nugroho","Citre Nugroho","1973-01-19","HK","ID","Anggota Dewan (sintetis)","Synthetic record; not derived from any real list."
"WL-00037","PEP_SYNTHETIC","Hj. Umi Nugroho","","","ID","ID","Direktur BUMD (sintetis)","Synthetic record; not derived from any real list."
"WL-00038","PEP_SYNTHETIC","Kartika Permana","Kertika Permana","1980-10-28","ID","ID","Direktur BUMD (sintetis)","Synthetic record; not derived from any real list."
"WL-00039","PEP_SYNTHETIC","Drs. Rahmat Hartono","Drs. Rehmat Hartono","1985-07-11","NL","ID","Anggota Dewan (sintetis)","Synthetic record; not derived from any real list."
"WL-00040","SANCTIONS_SYNTHETIC","H. Joko Halim","","1964-05-20","ID","ID","","Synthetic record; not derived from any real list."
"WL-00041","PEP_SYNTHETIC","Siti Nugroho","","","ID","ID","Anggota Dewan (sintetis)","Synthetic record; not derived from any real list."
"WL-00042","PEP_SYNTHETIC","Dra. Kartika Siregar","Dre. Kartika Siregar","1978-07-11","ID","ID","Anggota Dewan (sintetis)","Synthetic record; not derived from any real list."
"WL-00043","PEP_SYNTHETIC","Adi Maulana","","1972-01-08","ID","ID","Direktur BUMD (sintetis)","Synthetic record; not derived from any real list."
"WL-00044","PEP_SYNTHETIC","Hadi Ramadhan","Hedi Ramadhan","","ID","ID","Kepala Dinas (sintetis)","Synthetic record; not derived from any real list."
"WL-00045","PEP_SYNTHETIC","Citra Anggun Maulana","","1985-06-20","ID","ID","Komisaris (sintetis)","Synthetic record; not derived from any real list."
"WL-00046","PEP_SYNTHETIC","Eka Setiawan","Eke Setiawan","","ID","ID","Komisaris (sintetis)","Synthetic record; not derived from any real list."
"WL-00047","SANCTIONS_SYNTHETIC","Drs. Cahya Halim","","","ID","ID","","Synthetic record; not derived from any real list."
"WL-00048","PEP_SYNTHETIC","Drs. Hadi Saputra","","1966-08-23","ID","ID","Direktur BUMD (sintetis)","Synthetic record; not derived from any real list."
"WL-00049","SANCTIONS_SYNTHETIC","Hj. Putri Permana","","","ID","ID","","Synthetic record; not derived from any real list."
"WL-00050","SANCTIONS_SYNTHETIC","Umi Situmorang","","","ID","ID","","Synthetic record; not derived from any real list."
"WL-00051","INTERNAL_WATCH","Hj. Indah Hartono","Hj. Indeh Hartono","1952-10-26","ID","ID","","Synthetic record; not derived from any real list."
"WL-00052","PEP_SYNTHETIC","Ir. Hadi Siregar","","1981-05-26","ID","ID","Komisaris (sintetis)","Synthetic record; not derived from any real list."
"WL-00053","SANCTIONS_SYNTHETIC","Rina Suryadi","","","SG","ID","","Synthetic record; not derived from any real list."
"WL-00054","SANCTIONS_SYNTHETIC","Dra. Gita Wijaya","Dre. Gita Wijaya","1995-02-21","ID","ID","","Synthetic record; not derived from any real list."
"WL-00055","SANCTIONS_SYNTHETIC","Hj. Siti Santoso","","1985-11-01","AU","ID","","Synthetic record; not derived from any real list."
"WL-00056","PEP_SYNTHETIC","Hj. Gita Nugroho","Hj. Gite Nugroho","1961-08-12","US","ID","Anggota Dewan (sintetis)","Synthetic record; not derived from any real list."
"WL-00057","SANCTIONS_SYNTHETIC","Putri Citra Hidayat","","","ID","ID","","Synthetic record; not derived from any real list."
"WL-00058","PEP_SYNTHETIC","Dian Permana","Dien Permana","","ID","ID","Kepala Dinas (sintetis)","Synthetic record; not derived from any real list."
"WL-00059","PEP_SYNTHETIC","Ir. Anggun Ramadhan","","","KR","ID","Anggota Dewan (sintetis)","Synthetic record; not derived from any real list."
"WL-00060","INTERNAL_WATCH","Oki Santoso","Oki Sentoso","1952-10-15","ID","ID","","Synthetic record; not derived from any real list."
"WL-00061","PEP_SYNTHETIC","Joko Saputra","","","ID","ID","Kepala Dinas (sintetis)","Synthetic record; not derived from any real list."
"WL-00062","INTERNAL_WATCH","Iwan Suryadi","","","ID","ID","","Synthetic record; not derived from any real list."
"WL-00063","SANCTIONS_SYNTHETIC","Hj. Vina Kartika Permana","Hj. Vine Kartika Permana","","ID","ID","","Synthetic record; not derived from any real list."
"WL-00064","SANCTIONS_SYNTHETIC","Ir. Kartika Gunawan","Ir. Kertika Gunawan","","ID","ID","","Synthetic record; not derived from any real list."
"WL-00065","INTERNAL_WATCH","Ir. Hadi Iwan Suryadi","","1990-02-27","ID","ID","","Synthetic record; not derived from any real list."
"WL-00066","PEP_SYNTHETIC","Bayu Saputra","","","ID","ID","Pejabat Daerah (sintetis)","Synthetic record; not derived from any real list."
"WL-00067","INTERNAL_WATCH","Ir. Ayu Pratama","","","ID","ID","","Synthetic record; not derived from any real list."
"WL-00068","PEP_SYNTHETIC","Citra Wijaya","","","ID","ID","Komisaris (sintetis)","Synthetic record; not derived from any real list."
"WL-00069","PEP_SYNTHETIC","Drs. Wahyu Cahya Hartono","","","ID","ID","Kepala Dinas (sintetis)","Synthetic record; not derived from any real list."
"WL-00070","SANCTIONS_SYNTHETIC","Hj. Indah Situmorang","","1951-09-25","ID","ID","","Synthetic record; not derived from any real list."
"WL-00071","SANCTIONS_SYNTHETIC","H. Joko Kusuma","","","ID","ID","","Synthetic record; not derived from any real list."
"WL-00072","PEP_SYNTHETIC","Yuda Anggraini","","1979-03-22","ID","ID","Komisaris (sintetis)","Synthetic record; not derived from any real list."
"WL-00073","INTERNAL_WATCH","Wahyu Siregar","Wehyu Siregar","","JP","ID","","Synthetic record; not derived from any real list."
"WL-00074","INTERNAL_WATCH","Hadi Joko Halim","","1998-08-03","MY","ID","","Synthetic record; not derived from any real list."
"WL-00075","PEP_SYNTHETIC","Umi Hidayat","Umi Hideyat","1983-08-20","ID","ID","Anggota Dewan (sintetis)","Synthetic record; not derived from any real list."
"WL-00076","SANCTIONS_SYNTHETIC","Rahmat Saputra","","","ID","ID","","Synthetic record; not derived from any real list."
"WL-00077","PEP_SYNTHETIC","Hj. Wulan Saputra","","","SA","ID","Komisaris (sintetis)","Synthetic record; not derived from any real list."
"WL-00078","INTERNAL_WATCH","Drs. Dian Wijaya","","1982-12-20","ID","ID","","Synthetic record; not derived from any real list."
"WL-00079","PEP_SYNTHETIC","Yuda Suryadi","","1998-02-18","ID","ID","Komisaris (sintetis)","Synthetic record; not derived from any real list."
"WL-00080","PEP_SYNTHETIC","Wulan Gunawan","Wulen Gunawan","1970-10-27","MY","ID","Anggota Dewan (sintetis)","Synthetic record; not derived from any real list."
"WL-00081","SANCTIONS_SYNTHETIC","Drs. Bayu Oki Lubis","Drs. Beyu Oki Lubis","1989-04-21","ID","ID","","Synthetic record; not derived from any real list."
"WL-00082","PEP_SYNTHETIC","Drs. Iwan Santoso","","1995-08-16","ID","ID","Komisaris (sintetis)","Synthetic record; not derived from any real list."
"WL-00083","SANCTIONS_SYNTHETIC","Gilang Ramadhan","Gileng Ramadhan","1967-02-01","ID","ID","","Synthetic record; not derived from any real list."
"WL-00084","SANCTIONS_SYNTHETIC","Putri Siregar","Putri Sireger","1976-02-09","ID","ID","","Synthetic record; not derived from any real list."
"WL-00085","SANCTIONS_SYNTHETIC","Ir. Siti Nugroho","Ir. Siti Nugroho","","MY","ID","","Synthetic record; not derived from any real list."
"WL-00086","PEP_SYNTHETIC","Dra. Sari Gunawan","","1973-07-28","SA","ID","Komisaris (sintetis)","Synthetic record; not derived from any real list."
"WL-00087","PEP_SYNTHETIC","Bayu Oki Halim","","","ID","ID","Komisaris (sintetis)","Synthetic record; not derived from any real list."
"WL-00088","PEP_SYNTHETIC","Wulan Halim","Wulen Halim","1984-06-05","ID","ID","Pejabat Daerah (sintetis)","Synthetic record; not derived from any real list."
"WL-00089","SANCTIONS_SYNTHETIC","Sari Anggraini","","1966-09-07","ID","ID","","Synthetic record; not derived from any real list."
"WL-00090","INTERNAL_WATCH","Fajar Halim","","1951-07-28","ID","ID","","Synthetic record; not derived from any real list."
"WL-00091","PEP_SYNTHETIC","Dra. Vina Saputra","","1977-04-06","ID","ID","Pejabat Daerah (sintetis)","Synthetic record; not derived from any real list."
"WL-00092","SANCTIONS_SYNTHETIC","Dra. Indah Anggraini","Dre. Indah Anggraini","","ID","ID","","Synthetic record; not derived from any real list."
"WL-00093","INTERNAL_WATCH","Yuda Anggraini","","","ID","ID","","Synthetic record; not derived from any real list."
"WL-00094","PEP_SYNTHETIC","Gita Suryadi","","1987-08-06","ID","ID","Komisaris (sintetis)","Synthetic record; not derived from any real list."
"WL-00095","PEP_SYNTHETIC","Ir. Oki Ramadhan","Ir. Oki Remadhan","","AU","ID","Komisaris (sintetis)","Synthetic record; not derived from any real list."
"WL-00096","PEP_SYNTHETIC","Hj. Kartika Lubis","","","US","ID","Pejabat Daerah (sintetis)","Synthetic record; not derived from any real list."
"WL-00097","PEP_SYNTHETIC","H. Wahyu Lubis","H. Wehyu Lubis","","AU","ID","Kepala Dinas (sintetis)","Synthetic record; not derived from any real list."
"WL-00098","PEP_SYNTHETIC","Bayu Hidayat","","","ID","ID","Pejabat Daerah (sintetis)","Synthetic record; not derived from any real list."
"WL-00099","SANCTIONS_SYNTHETIC","Gilang Bagus Situmorang","Gileng Bagus Situmorang","1962-10-20","KR","ID","","Synthetic record; not derived from any real list."
"WL-00100","PEP_SYNTHETIC","Dewi Nugroho","Dewi Nugroho","1953-01-13","ID","ID","Kepala Dinas (sintetis)","Synthetic record; not derived from any real list."
"WL-00101","INTERNAL_WATCH","Wulan Dewi Santoso","","1985-03-25","ID","ID","","Synthetic record; not derived from any real list."
"WL-00102","SANCTIONS_SYNTHETIC","Citra Nugroho","","","ID","ID","","Synthetic record; not derived from any real list."
"WL-00103","PEP_SYNTHETIC","Dra. Sari Santoso","","1966-07-15","ID","ID","Kepala Dinas (sintetis)","Synthetic record; not derived from any real list."
"WL-00104","SANCTIONS_SYNTHETIC","Ir. Siti Kusuma","Ir. Siti Kusume","","ID","ID","","Synthetic record; not derived from any real list."
"WL-00105","INTERNAL_WATCH","Ir. Umi Pratama","Ir. Umi Pretama","1979-08-07","ID","ID","","Synthetic record; not derived from any real list."
"WL-00106","SANCTIONS_SYNTHETIC","Hj. Siti Ramadhan","","1967-08-22","US","ID","","Synthetic record; not derived from any real list."
"WL-00107","PEP_SYNTHETIC","Ayu Siregar","Ayu Sireger","","HK","ID","Anggota Dewan (sintetis)","Synthetic record; not derived from any real list."
"WL-00108","PEP_SYNTHETIC","Hj. Ayu Wijaya","","1990-09-28","ID","ID","Komisaris (sintetis)","Synthetic record; not derived from any real list."
"WL-00109","PEP_SYNTHETIC","Lestari Santoso","","1982-08-11","ID","ID","Anggota Dewan (sintetis)","Synthetic record; not derived from any real list."
"WL-00110","PEP_SYNTHETIC","Dewi Suryadi","","1954-10-12","ID","ID","Direktur BUMD (sintetis)","Synthetic record; not derived from any real list."
"WL-00111","SANCTIONS_SYNTHETIC","Drs. Oki Nanda Hartono","Drs. Oki Nenda Hartono","1989-12-14","ID","ID","","Synthetic record; not derived from any real list."
"WL-00112","SANCTIONS_SYNTHETIC","Dra. Umi Nugroho","","1979-05-02","ID","ID","","Synthetic record; not derived from any real list."
"WL-00113","PEP_SYNTHETIC","Hj. Siti Halim","","","ID","ID","Pejabat Daerah (sintetis)","Synthetic record; not derived from any real list."
"WL-00114","PEP_SYNTHETIC","Drs. Gilang Anggraini","Drs. Gileng Anggraini","1998-07-17","ID","ID","Kepala Dinas (sintetis)","Synthetic record; not derived from any real list."
"WL-00115","SANCTIONS_SYNTHETIC","Bagus Nanda Maulana","","1961-07-24","AU","ID","","Synthetic record; not derived from any real list."
"WL-00116","SANCTIONS_SYNTHETIC","Iwan Santoso","Iwen Santoso","","ID","ID","","Synthetic record; not derived from any real list."
"WL-00117","INTERNAL_WATCH","Adi Maulana","Adi Meulana","1951-08-06","ID","ID","","Synthetic record; not derived from any real list."
"WL-00118","SANCTIONS_SYNTHETIC","Sari Anggun Situmorang","Seri Anggun Situmorang","","ID","ID","","Synthetic record; not derived from any real list."
"WL-00119","PEP_SYNTHETIC","Gilang Santoso","","1978-03-03","KR","ID","Komisaris (sintetis)","Synthetic record; not derived from any real list."
"WL-00120","SANCTIONS_SYNTHETIC","Nanda Anggraini","Nenda Anggraini","","SG","ID","","Synthetic record; not derived from any real list."
"WL-00121","PEP_SYNTHETIC","Rahmat Anggraini","Rehmat Anggraini","","ID","ID","Anggota Dewan (sintetis)","Synthetic record; not derived from any real list."
"WL-00122","SANCTIONS_SYNTHETIC","Sari Citra Hartono","Seri Citra Hartono","","ID","ID","","Synthetic record; not derived from any real list."
"WL-00123","PEP_SYNTHETIC","Ir. Dian Pratama","Ir. Dien Pratama","1967-02-01","ID","ID","Komisaris (sintetis)","Synthetic record; not derived from any real list."
"WL-00124","SANCTIONS_SYNTHETIC","Hj. Rina Gita Saputra","","","ID","ID","","Synthetic record; not derived from any real list."
"WL-00125","PEP_SYNTHETIC","Ir. Dian Yuda Permana","","1969-08-06","ID","ID","Anggota Dewan (sintetis)","Synthetic record; not derived from any real list."
